,_index,_type,_score,_source.layers.frame.frame.encap_type,_source.layers.frame.frame.time,_source.layers.frame.frame.offset_shift,_source.layers.frame.frame.time_epoch,_source.layers.frame.frame.time_delta,_source.layers.frame.frame.time_delta_displayed,_source.layers.frame.frame.time_relative,_source.layers.frame.frame.number,_source.layers.frame.frame.len,_source.layers.frame.frame.cap_len,_source.layers.frame.frame.marked,_source.layers.frame.frame.ignored,_source.layers.frame.frame.protocols,_source.layers.eth.eth.dst,_source.layers.eth.eth.dst_tree.eth.dst_resolved,_source.layers.eth.eth.dst_tree.eth.dst.oui,_source.layers.eth.eth.dst_tree.eth.dst.oui_resolved,_source.layers.eth.eth.dst_tree.eth.addr,_source.layers.eth.eth.dst_tree.eth.addr_resolved,_source.layers.eth.eth.dst_tree.eth.addr.oui,_source.layers.eth.eth.dst_tree.eth.addr.oui_resolved,_source.layers.eth.eth.dst_tree.eth.dst.lg,_source.layers.eth.eth.dst_tree.eth.lg,_source.layers.eth.eth.dst_tree.eth.dst.ig,_source.layers.eth.eth.dst_tree.eth.ig,_source.layers.eth.eth.src,_source.layers.eth.eth.src_tree.eth.src_resolved,_source.layers.eth.eth.src_tree.eth.src.oui,_source.layers.eth.eth.src_tree.eth.src.oui_resolved,_source.layers.eth.eth.src_tree.eth.addr,_source.layers.eth.eth.src_tree.eth.addr_resolved,_source.layers.eth.eth.src_tree.eth.addr.oui,_source.layers.eth.eth.src_tree.eth.addr.oui_resolved,_source.layers.eth.eth.src_tree.eth.src.lg,_source.layers.eth.eth.src_tree.eth.lg,_source.layers.eth.eth.src_tree.eth.src.ig,_source.layers.eth.eth.src_tree.eth.ig,_source.layers.eth.eth.type,_source.layers.ip.ip.version,_source.layers.ip.ip.hdr_len,_source.layers.ip.ip.dsfield,_source.layers.ip.ip.dsfield_tree.ip.dsfield.dscp,_source.layers.ip.ip.dsfield_tree.ip.dsfield.ecn,_source.layers.ip.ip.len,_source.layers.ip.ip.id,_source.layers.ip.ip.flags,_source.layers.ip.ip.flags_tree.ip.flags.rb,_source.layers.ip.ip.flags_tree.ip.flags.df,_source.layers.ip.ip.flags_tree.ip.flags.mf,_source.layers.ip.ip.frag_offset,_source.layers.ip.ip.ttl,_source.layers.ip.ip.proto,_source.layers.ip.ip.checksum,_source.layers.ip.ip.checksum.status,_source.layers.ip.ip.src,_source.layers.ip.ip.addr,_source.layers.ip.ip.src_host,_source.layers.ip.ip.host,_source.layers.ip.ip.dst,_source.layers.ip.ip.dst_host,_source.layers.udp.udp.srcport,_source.layers.udp.udp.dstport,_source.layers.udp.udp.port,_source.layers.udp.udp.length,_source.layers.udp.udp.checksum,_source.layers.udp.udp.checksum.status,_source.layers.udp.udp.stream,_source.layers.udp.Timestamps.udp.time_relative,_source.layers.udp.Timestamps.udp.time_delta,_source.layers.udp.udp.payload,_source.layers.dns.dns.id,_source.layers.dns.dns.flags,_source.layers.dns.dns.flags_tree.dns.flags.response,_source.layers.dns.dns.flags_tree.dns.flags.opcode,_source.layers.dns.dns.flags_tree.dns.flags.truncated,_source.layers.dns.dns.flags_tree.dns.flags.recdesired,_source.layers.dns.dns.flags_tree.dns.flags.z,_source.layers.dns.dns.flags_tree.dns.flags.checkdisable,_source.layers.dns.dns.count.queries,_source.layers.dns.dns.count.answers,_source.layers.dns.dns.count.auth_rr,_source.layers.dns.dns.count.add_rr,"_source.layers.dns.Queries.clients3.google.com: type A, class IN.dns.qry.name","_source.layers.dns.Queries.clients3.google.com: type A, class IN.dns.qry.name.len","_source.layers.dns.Queries.clients3.google.com: type A, class IN.dns.count.labels","_source.layers.dns.Queries.clients3.google.com: type A, class IN.dns.qry.type","_source.layers.dns.Queries.clients3.google.com: type A, class IN.dns.qry.class",_source.layers.vssmonitoring.vssmonitoring.srcport,_source.layers.dns.dns.flags_tree.dns.flags.authoritative,_source.layers.dns.dns.flags_tree.dns.flags.recavail,_source.layers.dns.dns.flags_tree.dns.flags.authenticated,_source.layers.dns.dns.flags_tree.dns.flags.rcode,"_source.layers.dns.Answers.clients3.google.com: type CNAME, class IN, cname clients.l.google.com.dns.resp.name","_source.layers.dns.Answers.clients3.google.com: type CNAME, class IN, cname clients.l.google.com.dns.resp.type","_source.layers.dns.Answers.clients3.google.com: type CNAME, class IN, cname clients.l.google.com.dns.resp.class","_source.layers.dns.Answers.clients3.google.com: type CNAME, class IN, cname clients.l.google.com.dns.resp.ttl","_source.layers.dns.Answers.clients3.google.com: type CNAME, class IN, cname clients.l.google.com.dns.resp.len","_source.layers.dns.Answers.clients3.google.com: type CNAME, class IN, cname clients.l.google.com.dns.cname","_source.layers.dns.Answers.clients.l.google.com: type A, class IN, addr 216.58.214.14.dns.resp.name","_source.layers.dns.Answers.clients.l.google.com: type A, class IN, addr 216.58.214.14.dns.resp.type","_source.layers.dns.Answers.clients.l.google.com: type A, class IN, addr 216.58.214.14.dns.resp.class","_source.layers.dns.Answers.clients.l.google.com: type A, class IN, addr 216.58.214.14.dns.resp.ttl","_source.layers.dns.Answers.clients.l.google.com: type A, class IN, addr 216.58.214.14.dns.resp.len","_source.layers.dns.Answers.clients.l.google.com: type A, class IN, addr 216.58.214.14.dns.a",_source.layers.dns.dns.response_to,_source.layers.dns.dns.time,"_source.layers.dns.Queries.w3.assembly.go.kr: type A, class IN.dns.qry.name","_source.layers.dns.Queries.w3.assembly.go.kr: type A, class IN.dns.qry.name.len","_source.layers.dns.Queries.w3.assembly.go.kr: type A, class IN.dns.count.labels","_source.layers.dns.Queries.w3.assembly.go.kr: type A, class IN.dns.qry.type","_source.layers.dns.Queries.w3.assembly.go.kr: type A, class IN.dns.qry.class","_source.layers.dns.Answers.w3.assembly.go.kr: type CNAME, class IN, cname na6500.assembly.go.kr.dns.resp.name","_source.layers.dns.Answers.w3.assembly.go.kr: type CNAME, class IN, cname na6500.assembly.go.kr.dns.resp.type","_source.layers.dns.Answers.w3.assembly.go.kr: type CNAME, class IN, cname na6500.assembly.go.kr.dns.resp.class","_source.layers.dns.Answers.w3.assembly.go.kr: type CNAME, class IN, cname na6500.assembly.go.kr.dns.resp.ttl","_source.layers.dns.Answers.w3.assembly.go.kr: type CNAME, class IN, cname na6500.assembly.go.kr.dns.resp.len","_source.layers.dns.Answers.w3.assembly.go.kr: type CNAME, class IN, cname na6500.assembly.go.kr.dns.cname","_source.layers.dns.Answers.na6500.assembly.go.kr: type A, class IN, addr 211.46.92.14.dns.resp.name","_source.layers.dns.Answers.na6500.assembly.go.kr: type A, class IN, addr 211.46.92.14.dns.resp.type","_source.layers.dns.Answers.na6500.assembly.go.kr: type A, class IN, addr 211.46.92.14.dns.resp.class","_source.layers.dns.Answers.na6500.assembly.go.kr: type A, class IN, addr 211.46.92.14.dns.resp.ttl","_source.layers.dns.Answers.na6500.assembly.go.kr: type A, class IN, addr 211.46.92.14.dns.resp.len","_source.layers.dns.Answers.na6500.assembly.go.kr: type A, class IN, addr 211.46.92.14.dns.a",_source.layers.tcp.tcp.srcport,_source.layers.tcp.tcp.dstport,_source.layers.tcp.tcp.port,_source.layers.tcp.tcp.stream,_source.layers.tcp.tcp.len,_source.layers.tcp.tcp.seq,_source.layers.tcp.tcp.seq_raw,_source.layers.tcp.tcp.nxtseq,_source.layers.tcp.tcp.ack,_source.layers.tcp.tcp.ack_raw,_source.layers.tcp.tcp.hdr_len,_source.layers.tcp.tcp.flags,_source.layers.tcp.tcp.flags_tree.tcp.flags.res,_source.layers.tcp.tcp.flags_tree.tcp.flags.ns,_source.layers.tcp.tcp.flags_tree.tcp.flags.cwr,_source.layers.tcp.tcp.flags_tree.tcp.flags.ecn,_source.layers.tcp.tcp.flags_tree.tcp.flags.urg,_source.layers.tcp.tcp.flags_tree.tcp.flags.ack,_source.layers.tcp.tcp.flags_tree.tcp.flags.push,_source.layers.tcp.tcp.flags_tree.tcp.flags.reset,_source.layers.tcp.tcp.flags_tree.tcp.flags.syn,_source.layers.tcp.tcp.flags_tree.tcp.flags.syn_tree._ws.expert.tcp.connection.syn,_source.layers.tcp.tcp.flags_tree.tcp.flags.syn_tree._ws.expert._ws.expert.message,_source.layers.tcp.tcp.flags_tree.tcp.flags.syn_tree._ws.expert._ws.expert.severity,_source.layers.tcp.tcp.flags_tree.tcp.flags.syn_tree._ws.expert._ws.expert.group,_source.layers.tcp.tcp.flags_tree.tcp.flags.fin,_source.layers.tcp.tcp.flags_tree.tcp.flags.str,_source.layers.tcp.tcp.window_size_value,_source.layers.tcp.tcp.window_size,_source.layers.tcp.tcp.checksum,_source.layers.tcp.tcp.checksum.status,_source.layers.tcp.tcp.urgent_pointer,_source.layers.tcp.tcp.options,_source.layers.tcp.tcp.options_tree.tcp.options.mss,_source.layers.tcp.tcp.options_tree.tcp.options.mss_tree.tcp.option_kind,_source.layers.tcp.tcp.options_tree.tcp.options.mss_tree.tcp.option_len,_source.layers.tcp.tcp.options_tree.tcp.options.mss_tree.tcp.options.mss_val,_source.layers.tcp.tcp.options_tree.tcp.options.sack_perm,_source.layers.tcp.tcp.options_tree.tcp.options.sack_perm_tree.tcp.option_kind,_source.layers.tcp.tcp.options_tree.tcp.options.sack_perm_tree.tcp.option_len,_source.layers.tcp.tcp.options_tree.tcp.options.timestamp,_source.layers.tcp.tcp.options_tree.tcp.options.timestamp_tree.tcp.option_kind,_source.layers.tcp.tcp.options_tree.tcp.options.timestamp_tree.tcp.option_len,_source.layers.tcp.tcp.options_tree.tcp.options.timestamp_tree.tcp.options.timestamp.tsval,_source.layers.tcp.tcp.options_tree.tcp.options.timestamp_tree.tcp.options.timestamp.tsecr,_source.layers.tcp.tcp.options_tree.tcp.options.nop,_source.layers.tcp.tcp.options_tree.tcp.options.nop_tree.tcp.option_kind,_source.layers.tcp.tcp.options_tree.tcp.options.wscale,_source.layers.tcp.tcp.options_tree.tcp.options.wscale_tree.tcp.option_kind,_source.layers.tcp.tcp.options_tree.tcp.options.wscale_tree.tcp.option_len,_source.layers.tcp.tcp.options_tree.tcp.options.wscale_tree.tcp.options.wscale.shift,_source.layers.tcp.tcp.options_tree.tcp.options.wscale_tree.tcp.options.wscale.multiplier,_source.layers.tcp.Timestamps.tcp.time_relative,_source.layers.tcp.Timestamps.tcp.time_delta,_source.layers.tcp.tcp.analysis.tcp.analysis.flags._ws.expert.tcp.analysis.retransmission,_source.layers.tcp.tcp.analysis.tcp.analysis.flags._ws.expert._ws.expert.message,_source.layers.tcp.tcp.analysis.tcp.analysis.flags._ws.expert._ws.expert.severity,_source.layers.tcp.tcp.analysis.tcp.analysis.flags._ws.expert._ws.expert.group,_source.layers.tcp.tcp.analysis.tcp.analysis.flags.tcp.analysis.rto,_source.layers.tcp.tcp.analysis.tcp.analysis.flags.tcp.analysis.rto_frame,_source.layers.eth.eth.padding,_source.layers.eth.eth.fcs,_source.layers.eth.eth.fcs.status,_source.layers.arp.arp.hw.type,_source.layers.arp.arp.proto.type,_source.layers.arp.arp.hw.size,_source.layers.arp.arp.proto.size,_source.layers.arp.arp.opcode,_source.layers.arp.arp.src.hw_mac,_source.layers.arp.arp.src.proto_ipv4,_source.layers.arp.arp.dst.hw_mac,_source.layers.arp.arp.dst.proto_ipv4,_source.layers.ipv6.hopopts._ws.expert.ipv6.hopopts.not_first,_source.layers.ipv6.hopopts._ws.expert._ws.expert.message,_source.layers.ipv6.hopopts._ws.expert._ws.expert.severity,_source.layers.ipv6.hopopts._ws.expert._ws.expert.group,_source.layers.ipv6.hopopts.ipv6.hopopts.nxt,_source.layers.ipv6.hopopts.ipv6.hopopts.len,_source.layers.ipv6.hopopts.ipv6.hopopts.len_oct,_source.layers.ipv6.hopopts.ipv6.opt.ipv6.opt.type,_source.layers.ipv6.hopopts.ipv6.opt.ipv6.opt.type_tree.ipv6.opt.type.action,_source.layers.ipv6.hopopts.ipv6.opt.ipv6.opt.type_tree.ipv6.opt.type.change,_source.layers.ipv6.hopopts.ipv6.opt.ipv6.opt.type_tree.ipv6.opt.type.rest,_source.layers.ipv6.hopopts.ipv6.opt.ipv6.opt.length,_source.layers._ws.malformed._ws.expert._ws.malformed.expert,_source.layers._ws.malformed._ws.expert._ws.expert.message,_source.layers._ws.malformed._ws.expert._ws.expert.severity,_source.layers._ws.malformed._ws.expert._ws.expert.group,_source.layers._ws.malformed._ws.malformed
0,packets-2018-06-18,doc,,1,"Jun 18, 2018 16:28:00.539297000 India Standard Time",0.000000000,1529319480.539297000,0.000000000,0.000000000,0.000000000,1,80,80,0,0,eth:ethertype:ip:udp:dns:vssmonitoring,52:54:00:12:35:02,RealtekU_12:35:02,5395456,Realtek (UpTech? also reported),52:54:00:12:35:02,RealtekU_12:35:02,5395456,Realtek (UpTech? also reported),1,1,0,0,52:54:00:12:34:56,RealtekU_12:34:56,5395456,Realtek (UpTech? also reported),52:54:00:12:34:56,RealtekU_12:34:56,5395456,Realtek (UpTech? also reported),1,1,0,0,0x00000800,4,20,0x00000000,0,0,65,0x0000b57d,0x00000040,0,1,0,0,64,17,0x00006d1d,2,10.0.2.15,10.0.2.3,10.0.2.15,10.0.2.3,10.0.2.3,10.0.2.3,58788,53,53,45,0x0000fa64,2,0,0.000000000,0.000000000,cc:81:01:00:00:01:00:00:00:00:00:00:08:63:6c:69:65:6e:74:73:33:06:67:6f:6f:67:6c:65:03:63:6f:6d:00:00:01:00:01,0x0000cc81,0x00000100,0,0,0,1,0,0,1,0,0,0,clients3.google.com,19,3,1,0x00000001,32,,,,,,,,,,,,,,,,,,,,,,,,,,,,,,,,,,,,,,,,,,,,,,,,,,,,,,,,,,,,,,,,,,,,,,,,,,,,,,,,,,,,,,,,,,,,,,,,,,,,,,,,,,,,,,,,,,,,,,,,,,,,
1,packets-2018-06-18,doc,,1,"Jun 18, 2018 16:28:00.553411000 India Standard Time",0.000000000,1529319480.553411000,0.014114000,0.014114000,0.014114000,2,119,119,0,0,eth:ethertype:ip:udp:dns,52:54:00:12:34:56,RealtekU_12:34:56,5395456,Realtek (UpTech? also reported),52:54:00:12:34:56,RealtekU_12:34:56,5395456,Realtek (UpTech? also reported),1,1,0,0,52:54:00:12:35:02,RealtekU_12:35:02,5395456,Realtek (UpTech? also reported),52:54:00:12:35:02,RealtekU_12:35:02,5395456,Realtek (UpTech? also reported),1,1,0,0,0x00000800,4,20,0x00000000,0,0,105,0x00000002,0x00000000,0,0,0,0,64,17,0x00006271,2,10.0.2.3,10.0.2.15,10.0.2.3,10.0.2.15,10.0.2.15,10.0.2.15,53,58788,58788,85,0x00005352,2,0,0.014114000,0.014114000,cc:81:81:80:00:01:00:02:00:00:00:00:08:63:6c:69:65:6e:74:73:33:06:67:6f:6f:67:6c:65:03:63:6f:6d:00:00:01:00:01:c0:0c:00:05:00:01:00:00:01:2b:00:0c:07:63:6c:69:65:6e:74:73:01:6c:c0:15:c0:31:00:01:00:01:00:00:01:2b:00:04:d8:3a:d6:0e,0x0000cc81,0x00008180,1,0,0,1,0,0,1,2,0,0,clients3.google.com,19,3,1,0x00000001,,0,1,0,0,clients3.google.com,5,0x00000001,299,12,clients.l.google.com,clients.l.google.com,1,0x00000001,299,4,216.58.214.14,1,0.014114000,,,,,,,,,,,,,,,,,,,,,,,,,,,,,,,,,,,,,,,,,,,,,,,,,,,,,,,,,,,,,,,,,,,,,,,,,,,,,,,,,,,,,,,,,,,,,,,,,,,,,,,,,,
2,packets-2018-06-18,doc,,1,"Jun 18, 2018 16:28:43.297870000 India Standard Time",0.000000000,1529319523.297870000,42.744459000,42.744459000,42.758573000,3,77,77,0,0,eth:ethertype:ip:udp:dns,52:54:00:12:35:03,RealtekU_12:35:03,5395456,Realtek (UpTech? also reported),52:54:00:12:35:03,RealtekU_12:35:03,5395456,Realtek (UpTech? also reported),1,1,0,0,52:54:00:12:34:56,RealtekU_12:34:56,5395456,Realtek (UpTech? also reported),52:54:00:12:34:56,RealtekU_12:34:56,5395456,Realtek (UpTech? also reported),1,1,0,0,0x00000800,4,20,0x00000000,0,0,63,0x0000c630,0x00000040,0,1,0,0,64,17,0x00005c6c,2,10.0.2.15,10.0.2.3,10.0.2.15,10.0.2.3,10.0.2.3,10.0.2.3,46576,53,53,43,0x000098de,2,1,0.000000000,0.000000000,d4:71:01:00:00:01:00:00:00:00:00:00:02:77:33:08:61:73:73:65:6d:62:6c:79:02:67:6f:02:6b:72:00:00:01:00:01,0x0000d471,0x00000100,0,0,0,1,0,0,1,0,0,0,,,,,,,,,,,,,,,,,,,,,,,,,w3.assembly.go.kr,17,4,1,0x00000001,,,,,,,,,,,,,,,,,,,,,,,,,,,,,,,,,,,,,,,,,,,,,,,,,,,,,,,,,,,,,,,,,,,,,,,,,,,,,,,,,,,,,,,,,,,,,,,,,,,,,
3,packets-2018-06-18,doc,,1,"Jun 18, 2018 16:28:43.878089000 India Standard Time",0.000000000,1529319523.878089000,0.580219000,0.580219000,43.338792000,4,114,114,0,0,eth:ethertype:ip:udp:dns,52:54:00:12:34:56,RealtekU_12:34:56,5395456,Realtek (UpTech? also reported),52:54:00:12:34:56,RealtekU_12:34:56,5395456,Realtek (UpTech? also reported),1,1,0,0,52:54:00:12:35:02,RealtekU_12:35:02,5395456,Realtek (UpTech? also reported),52:54:00:12:35:02,RealtekU_12:35:02,5395456,Realtek (UpTech? also reported),1,1,0,0,0x00000800,4,20,0x00000000,0,0,100,0x00000003,0x00000000,0,0,0,0,64,17,0x00006275,2,10.0.2.3,10.0.2.15,10.0.2.3,10.0.2.15,10.0.2.15,10.0.2.15,53,46576,46576,80,0x00001ea9,2,1,0.580219000,0.580219000,d4:71:81:80:00:01:00:02:00:00:00:00:02:77:33:08:61:73:73:65:6d:62:6c:79:02:67:6f:02:6b:72:00:00:01:00:01:c0:0c:00:05:00:01:00:00:02:57:00:09:06:6e:61:36:35:30:30:c0:0f:c0:2f:00:01:00:01:00:00:02:57:00:04:d3:2e:5c:0e,0x0000d471,0x00008180,1,0,0,1,0,0,1,2,0,0,,,,,,,0,1,0,0,,,,,,,,,,,,,3,0.580219000,w3.assembly.go.kr,17,4,1,0x00000001,w3.assembly.go.kr,5,0x00000001,599,9,na6500.assembly.go.kr,na6500.assembly.go.kr,1,0x00000001,599,4,211.46.92.14,,,,,,,,,,,,,,,,,,,,,,,,,,,,,,,,,,,,,,,,,,,,,,,,,,,,,,,,,,,,,,,,,,,,,,,,,,,,,,,,,,,,,,,,,
4,packets-2018-06-18,doc,,1,"Jun 18, 2018 16:28:43.895695000 India Standard Time",0.000000000,1529319523.895695000,0.017606000,0.017606000,43.356398000,5,74,74,0,0,eth:ethertype:ip:tcp,52:54:00:12:35:02,RealtekU_12:35:02,5395456,Realtek (UpTech? also reported),52:54:00:12:35:02,RealtekU_12:35:02,5395456,Realtek (UpTech? also reported),1,1,0,0,52:54:00:12:34:56,RealtekU_12:34:56,5395456,Realtek (UpTech? also reported),52:54:00:12:34:56,RealtekU_12:34:56,5395456,Realtek (UpTech? also reported),1,1,0,0,0x00000800,4,20,0x00000000,0,0,60,0x00003c85,0x00000040,0,1,0,0,64,6,0x0000c2eb,2,10.0.2.15,211.46.92.14,10.0.2.15,211.46.92.14,211.46.92.14,211.46.92.14,,,,,,,,,,,,,,,,,,,,,,,,,,,,,,,,,,,,,,,,,,,,,,,,,,,,,,,,,,,,,,,,39320,3080,3080,0,0,0,3897752296,1,0,0,40,0x00000002,0,0,0,0,0,0,0,0,1,,Connection establish request (SYN): server port 3080,2097152,33554432,0,··········S·,14000,14000,0x000086fc,2,0,02:04:05:78:04:02:08:0a:ff:ff:c6:6d:00:00:00:00:01:03:03:01,02:04:05:78,2,4,1400,04:02,4,2,08:0a:ff:ff:c6:6d:00:00:00:00,8,10,4294952557,0,01,1,03:03:01,3,3,1,2,0.000000000,0.000000000,,,,,,,,,,,,,,,,,,,,,,,,,,,,,,,,,,,
5,packets-2018-06-18,doc,,1,"Jun 18, 2018 16:28:44.896400000 India Standard Time",0.000000000,1529319524.896400000,1.000705000,1.000705000,44.357103000,6,74,74,0,0,eth:ethertype:ip:tcp,52:54:00:12:35:02,RealtekU_12:35:02,5395456,Realtek (UpTech? also reported),52:54:00:12:35:02,RealtekU_12:35:02,5395456,Realtek (UpTech? also reported),1,1,0,0,52:54:00:12:34:56,RealtekU_12:34:56,5395456,Realtek (UpTech? also reported),52:54:00:12:34:56,RealtekU_12:34:56,5395456,Realtek (UpTech? also reported),1,1,0,0,0x00000800,4,20,0x00000000,0,0,60,0x00003c86,0x00000040,0,1,0,0,64,6,0x0000c2ea,2,10.0.2.15,211.46.92.14,10.0.2.15,211.46.92.14,211.46.92.14,211.46.92.14,,,,,,,,,,,,,,,,,,,,,,,,,,,,,,,,,,,,,,,,,,,,,,,,,,,,,,,,,,,,,,,,39320,3080,3080,0,0,0,3897752296,1,0,0,40,0x00000002,0,0,0,0,0,0,0,0,1,,Connection establish request (SYN): server port 3080,2097152,33554432,0,··········S·,14000,14000,0x00008698,2,0,02:04:05:78:04:02:08:0a:ff:ff:c6:d1:00:00:00:00:01:03:03:01,02:04:05:78,2,4,1400,04:02,4,2,08:0a:ff:ff:c6:d1:00:00:00:00,8,10,4294952657,0,01,1,03:03:01,3,3,1,2,1.000705000,1.000705000,,This frame is a (suspected) retransmission,4194304,33554432,1.000705000,5,,,,,,,,,,,,,,,,,,,,,,,,,,,,,
6,packets-2018-06-18,doc,,1,"Jun 18, 2018 16:28:46.381967000 India Standard Time",0.000000000,1529319526.381967000,1.485567000,1.485567000,45.842670000,7,74,74,0,0,eth:ethertype:ip:tcp,52:54:00:12:35:02,RealtekU_12:35:02,5395456,Realtek (UpTech? also reported),52:54:00:12:35:02,RealtekU_12:35:02,5395456,Realtek (UpTech? also reported),1,1,0,0,52:54:00:12:34:56,RealtekU_12:34:56,5395456,Realtek (UpTech? also reported),52:54:00:12:34:56,RealtekU_12:34:56,5395456,Realtek (UpTech? also reported),1,1,0,0,0x00000800,4,20,0x00000000,0,0,60,0x0000be27,0x00000040,0,1,0,0,64,6,0x00004149,2,10.0.2.15,211.46.92.14,10.0.2.15,211.46.92.14,211.46.92.14,211.46.92.14,,,,,,,,,,,,,,,,,,,,,,,,,,,,,,,,,,,,,,,,,,,,,,,,,,,,,,,,,,,,,,,,37655,3080,3080,1,0,0,4216879425,1,0,0,40,0x00000002,0,0,0,0,0,0,0,0,1,,Connection establish request (SYN): server port 3080,2097152,33554432,0,··········S·,14000,14000,0x0000fb25,2,0,02:04:05:78:04:02:08:0a:ff:ff:c7:66:00:00:00:00:01:03:03:01,02:04:05:78,2,4,1400,04:02,4,2,08:0a:ff:ff:c7:66:00:00:00:00,8,10,4294952806,0,01,1,03:03:01,3,3,1,2,0.000000000,0.000000000,,,,,,,,,,,,,,,,,,,,,,,,,,,,,,,,,,,
7,packets-2018-06-18,doc,,1,"Jun 18, 2018 16:28:46.892523000 India Standard Time",0.000000000,1529319526.892523000,0.510556000,0.510556000,46.353226000,8,74,74,0,0,eth:ethertype:ip:tcp,52:54:00:12:35:02,RealtekU_12:35:02,5395456,Realtek (UpTech? also reported),52:54:00:12:35:02,RealtekU_12:35:02,5395456,Realtek (UpTech? also reported),1,1,0,0,52:54:00:12:34:56,RealtekU_12:34:56,5395456,Realtek (UpTech? also reported),52:54:00:12:34:56,RealtekU_12:34:56,5395456,Realtek (UpTech? also reported),1,1,0,0,0x00000800,4,20,0x00000000,0,0,60,0x00003c87,0x00000040,0,1,0,0,64,6,0x0000c2e9,2,10.0.2.15,211.46.92.14,10.0.2.15,211.46.92.14,211.46.92.14,211.46.92.14,,,,,,,,,,,,,,,,,,,,,,,,,,,,,,,,,,,,,,,,,,,,,,,,,,,,,,,,,,,,,,,,39320,3080,3080,0,0,0,3897752296,1,0,0,40,0x00000002,0,0,0,0,0,0,0,0,1,,Connection establish request (SYN): server port 3080,2097152,33554432,0,··········S·,14000,14000,0x000085d0,2,0,02:04:05:78:04:02:08:0a:ff:ff:c7:99:00:00:00:00:01:03:03:01,02:04:05:78,2,4,1400,04:02,4,2,08:0a:ff:ff:c7:99:00:00:00:00,8,10,4294952857,0,01,1,03:03:01,3,3,1,2,2.996828000,1.996123000,,This frame is a (suspected) retransmission,4194304,33554432,2.996828000,5,,,,,,,,,,,,,,,,,,,,,,,,,,,,,
8,packets-2018-06-18,doc,,1,"Jun 18, 2018 16:28:47.381839000 India Standard Time",0.000000000,1529319527.381839000,0.489316000,0.489316000,46.842542000,9,74,74,0,0,eth:ethertype:ip:tcp,52:54:00:12:35:02,RealtekU_12:35:02,5395456,Realtek (UpTech? also reported),52:54:00:12:35:02,RealtekU_12:35:02,5395456,Realtek (UpTech? also reported),1,1,0,0,52:54:00:12:34:56,RealtekU_12:34:56,5395456,Realtek (UpTech? also reported),52:54:00:12:34:56,RealtekU_12:34:56,5395456,Realtek (UpTech? also reported),1,1,0,0,0x00000800,4,20,0x00000000,0,0,60,0x0000be28,0x00000040,0,1,0,0,64,6,0x00004148,2,10.0.2.15,211.46.92.14,10.0.2.15,211.46.92.14,211.46.92.14,211.46.92.14,,,,,,,,,,,,,,,,,,,,,,,,,,,,,,,,,,,,,,,,,,,,,,,,,,,,,,,,,,,,,,,,37655,3080,3080,1,0,0,4216879425,1,0,0,40,0x00000002,0,0,0,0,0,0,0,0,1,,Connection establish request (SYN): server port 3080,2097152,33554432,0,··········S·,14000,14000,0x0000fac1,2,0,02:04:05:78:04:02:08:0a:ff:ff:c7:ca:00:00:00:00:01:03:03:01,02:04:05:78,2,4,1400,04:02,4,2,08:0a:ff:ff:c7:ca:00:00:00:00,8,10,4294952906,0,01,1,03:03:01,3,3,1,2,0.999872000,0.999872000,,This frame is a (suspected) retransmission,4194304,33554432,0.999872000,7,,,,,,,,,,,,,,,,,,,,,,,,,,,,,
9,packets-2018-06-18,doc,,1,"Jun 18, 2018 16:28:48.302365000 India Standard Time",0.000000000,1529319528.302365000,0.920526000,0.920526000,47.763068000,10,64,64,0,0,eth:ethertype:arp,52:54:00:12:35:03,RealtekU_12:35:03,5395456,Realtek (UpTech? also reported),52:54:00:12:35:03,RealtekU_12:35:03,5395456,Realtek (UpTech? also reported),1,1,0,0,52:54:00:12:34:56,RealtekU_12:34:56,5395456,Realtek (UpTech? also reported),52:54:00:12:34:56,RealtekU_12:34:56,5395456,Realtek (UpTech? also reported),1,1,0,0,0x00000806,,,,,,,,,,,,,,,,,,,,,,,,,,,,,,,,,,,,,,,,,,,,,,,,,,,,,,,,,,,,,,,,,,,,,,,,,,,,,,,,,,,,,,,,,,,,,,,,,,,,,,,,,,,,,,,,,,,,,,,,,,,,,,,,,,,,,,,,,,,,,,,,,,00:00:00:00:00:00:00:00:00:00:00:00:00:00:00:00:00:00,0x00000000,2,1,0x00000800,6,4,1,52:54:00:12:34:56,10.0.2.15,00:00:00:00:00:00,10.0.2.3,,,,,,,,,,,,,,,,,
10,packets-2018-06-18,doc,,1,"Jun 18, 2018 16:28:48.302368000 India Standard Time",0.000000000,1529319528.302368000,0.000003000,0.000003000,47.763071000,11,42,42,0,0,eth:ethertype:arp,52:54:00:12:34:56,RealtekU_12:34:56,5395456,Realtek (UpTech? also reported),52:54:00:12:34:56,RealtekU_12:34:56,5395456,Realtek (UpTech? also reported),1,1,0,0,52:54:00:12:35:03,RealtekU_12:35:03,5395456,Realtek (UpTech? also reported),52:54:00:12:35:03,RealtekU_12:35:03,5395456,Realtek (UpTech? also reported),1,1,0,0,0x00000806,,,,,,,,,,,,,,,,,,,,,,,,,,,,,,,,,,,,,,,,,,,,,,,,,,,,,,,,,,,,,,,,,,,,,,,,,,,,,,,,,,,,,,,,,,,,,,,,,,,,,,,,,,,,,,,,,,,,,,,,,,,,,,,,,,,,,,,,,,,,,,,,,,,,,1,0x00000800,6,4,2,52:54:00:12:35:03,10.0.2.3,52:54:00:12:34:56,10.0.2.15,,,,,,,,,,,,,,,,,
11,packets-2018-06-18,doc,,1,"Jun 18, 2018 16:28:48.902460000 India Standard Time",0.000000000,1529319528.902460000,0.600092000,0.600092000,48.363163000,12,64,64,0,0,eth:ethertype:arp,52:54:00:12:35:02,RealtekU_12:35:02,5395456,Realtek (UpTech? also reported),52:54:00:12:35:02,RealtekU_12:35:02,5395456,Realtek (UpTech? also reported),1,1,0,0,52:54:00:12:34:56,RealtekU_12:34:56,5395456,Realtek (UpTech? also reported),52:54:00:12:34:56,RealtekU_12:34:56,5395456,Realtek (UpTech? also reported),1,1,0,0,0x00000806,,,,,,,,,,,,,,,,,,,,,,,,,,,,,,,,,,,,,,,,,,,,,,,,,,,,,,,,,,,,,,,,,,,,,,,,,,,,,,,,,,,,,,,,,,,,,,,,,,,,,,,,,,,,,,,,,,,,,,,,,,,,,,,,,,,,,,,,,,,,,,,,,,00:00:00:00:00:00:00:00:00:00:00:00:00:00:00:00:00:00,0x00000000,2,1,0x00000800,6,4,1,52:54:00:12:34:56,10.0.2.15,00:00:00:00:00:00,10.0.2.2,,,,,,,,,,,,,,,,,
12,packets-2018-06-18,doc,,1,"Jun 18, 2018 16:28:48.902462000 India Standard Time",0.000000000,1529319528.902462000,0.000002000,0.000002000,48.363165000,13,42,42,0,0,eth:ethertype:arp,52:54:00:12:34:56,RealtekU_12:34:56,5395456,Realtek (UpTech? also reported),52:54:00:12:34:56,RealtekU_12:34:56,5395456,Realtek (UpTech? also reported),1,1,0,0,52:54:00:12:35:02,RealtekU_12:35:02,5395456,Realtek (UpTech? also reported),52:54:00:12:35:02,RealtekU_12:35:02,5395456,Realtek (UpTech? also reported),1,1,0,0,0x00000806,,,,,,,,,,,,,,,,,,,,,,,,,,,,,,,,,,,,,,,,,,,,,,,,,,,,,,,,,,,,,,,,,,,,,,,,,,,,,,,,,,,,,,,,,,,,,,,,,,,,,,,,,,,,,,,,,,,,,,,,,,,,,,,,,,,,,,,,,,,,,,,,,,,,,1,0x00000800,6,4,2,52:54:00:12:35:02,10.0.2.2,52:54:00:12:34:56,10.0.2.15,,,,,,,,,,,,,,,,,
13,packets-2018-06-18,doc,,1,"Jun 18, 2018 16:28:49.382416000 India Standard Time",0.000000000,1529319529.382416000,0.479954000,0.479954000,48.843119000,14,74,74,0,0,eth:ethertype:ip:tcp,52:54:00:12:35:02,RealtekU_12:35:02,5395456,Realtek (UpTech? also reported),52:54:00:12:35:02,RealtekU_12:35:02,5395456,Realtek (UpTech? also reported),1,1,0,0,52:54:00:12:34:56,RealtekU_12:34:56,5395456,Realtek (UpTech? also reported),52:54:00:12:34:56,RealtekU_12:34:56,5395456,Realtek (UpTech? also reported),1,1,0,0,0x00000800,4,20,0x00000000,0,0,60,0x0000be29,0x00000040,0,1,0,0,64,6,0x00004147,2,10.0.2.15,211.46.92.14,10.0.2.15,211.46.92.14,211.46.92.14,211.46.92.14,,,,,,,,,,,,,,,,,,,,,,,,,,,,,,,,,,,,,,,,,,,,,,,,,,,,,,,,,,,,,,,,37655,3080,3080,1,0,0,4216879425,1,0,0,40,0x00000002,0,0,0,0,0,0,0,0,1,,Connection establish request (SYN): server port 3080,2097152,33554432,0,··········S·,14000,14000,0x0000f9f9,2,0,02:04:05:78:04:02:08:0a:ff:ff:c8:92:00:00:00:00:01:03:03:01,02:04:05:78,2,4,1400,04:02,4,2,08:0a:ff:ff:c8:92:00:00:00:00,8,10,4294953106,0,01,1,03:03:01,3,3,1,2,3.000449000,2.000577000,,This frame is a (suspected) retransmission,4194304,33554432,3.000449000,7,,,,,,,,,,,,,,,,,,,,,,,,,,,,,
14,packets-2018-06-18,doc,,1,"Jun 18, 2018 16:28:50.902370000 India Standard Time",0.000000000,1529319530.902370000,1.519954000,1.519954000,50.363073000,15,74,74,0,0,eth:ethertype:ip:tcp,52:54:00:12:35:02,RealtekU_12:35:02,5395456,Realtek (UpTech? also reported),52:54:00:12:35:02,RealtekU_12:35:02,5395456,Realtek (UpTech? also reported),1,1,0,0,52:54:00:12:34:56,RealtekU_12:34:56,5395456,Realtek (UpTech? also reported),52:54:00:12:34:56,RealtekU_12:34:56,5395456,Realtek (UpTech? also reported),1,1,0,0,0x00000800,4,20,0x00000000,0,0,60,0x00003c88,0x00000040,0,1,0,0,64,6,0x0000c2e8,2,10.0.2.15,211.46.92.14,10.0.2.15,211.46.92.14,211.46.92.14,211.46.92.14,,,,,,,,,,,,,,,,,,,,,,,,,,,,,,,,,,,,,,,,,,,,,,,,,,,,,,,,,,,,,,,,39320,3080,3080,0,0,0,3897752296,1,0,0,40,0x00000002,0,0,0,0,0,0,0,0,1,,Connection establish request (SYN): server port 3080,2097152,33554432,0,··········S·,14000,14000,0x0000843f,2,0,02:04:05:78:04:02:08:0a:ff:ff:c9:2a:00:00:00:00:01:03:03:01,02:04:05:78,2,4,1400,04:02,4,2,08:0a:ff:ff:c9:2a:00:00:00:00,8,10,4294953258,0,01,1,03:03:01,3,3,1,2,7.006675000,4.009847000,,This frame is a (suspected) retransmission,4194304,33554432,7.006675000,5,,,,,,,,,,,,,,,,,,,,,,,,,,,,,
15,packets-2018-06-18,doc,,1,"Jun 18, 2018 16:28:53.391868000 India Standard Time",0.000000000,1529319533.391868000,2.489498000,2.489498000,52.852571000,16,74,74,0,0,eth:ethertype:ip:tcp,52:54:00:12:35:02,RealtekU_12:35:02,5395456,Realtek (UpTech? also reported),52:54:00:12:35:02,RealtekU_12:35:02,5395456,Realtek (UpTech? also reported),1,1,0,0,52:54:00:12:34:56,RealtekU_12:34:56,5395456,Realtek (UpTech? also reported),52:54:00:12:34:56,RealtekU_12:34:56,5395456,Realtek (UpTech? also reported),1,1,0,0,0x00000800,4,20,0x00000000,0,0,60,0x0000be2a,0x00000040,0,1,0,0,64,6,0x00004146,2,10.0.2.15,211.46.92.14,10.0.2.15,211.46.92.14,211.46.92.14,211.46.92.14,,,,,,,,,,,,,,,,,,,,,,,,,,,,,,,,,,,,,,,,,,,,,,,,,,,,,,,,,,,,,,,,37655,3080,3080,1,0,0,4216879425,1,0,0,40,0x00000002,0,0,0,0,0,0,0,0,1,,Connection establish request (SYN): server port 3080,2097152,33554432,0,··········S·,14000,14000,0x0000f868,2,0,02:04:05:78:04:02:08:0a:ff:ff:ca:23:00:00:00:00:01:03:03:01,02:04:05:78,2,4,1400,04:02,4,2,08:0a:ff:ff:ca:23:00:00:00:00,8,10,4294953507,0,01,1,03:03:01,3,3,1,2,7.009901000,4.009452000,,This frame is a (suspected) retransmission,4194304,33554432,7.009901000,7,,,,,,,,,,,,,,,,,,,,,,,,,,,,,
16,packets-2018-06-18,doc,,1,"Jun 18, 2018 16:28:58.922463000 India Standard Time",0.000000000,1529319538.922463000,5.530595000,5.530595000,58.383166000,17,74,74,0,0,eth:ethertype:ip:tcp,52:54:00:12:35:02,RealtekU_12:35:02,5395456,Realtek (UpTech? also reported),52:54:00:12:35:02,RealtekU_12:35:02,5395456,Realtek (UpTech? also reported),1,1,0,0,52:54:00:12:34:56,RealtekU_12:34:56,5395456,Realtek (UpTech? also reported),52:54:00:12:34:56,RealtekU_12:34:56,5395456,Realtek (UpTech? also reported),1,1,0,0,0x00000800,4,20,0x00000000,0,0,60,0x00003c89,0x00000040,0,1,0,0,64,6,0x0000c2e7,2,10.0.2.15,211.46.92.14,10.0.2.15,211.46.92.14,211.46.92.14,211.46.92.14,,,,,,,,,,,,,,,,,,,,,,,,,,,,,,,,,,,,,,,,,,,,,,,,,,,,,,,,,,,,,,,,39320,3080,3080,0,0,0,3897752296,1,0,0,40,0x00000002,0,0,0,0,0,0,0,0,1,,Connection establish request (SYN): server port 3080,2097152,33554432,0,··········S·,14000,14000,0x0000811d,2,0,02:04:05:78:04:02:08:0a:ff:ff:cc:4c:00:00:00:00:01:03:03:01,02:04:05:78,2,4,1400,04:02,4,2,08:0a:ff:ff:cc:4c:00:00:00:00,8,10,4294954060,0,01,1,03:03:01,3,3,1,2,15.026768000,8.020093000,,This frame is a (suspected) retransmission,4194304,33554432,15.026768000,5,,,,,,,,,,,,,,,,,,,,,,,,,,,,,
17,packets-2018-06-18,doc,,1,"Jun 18, 2018 16:29:01.402044000 India Standard Time",0.000000000,1529319541.402044000,2.479581000,2.479581000,60.862747000,18,74,74,0,0,eth:ethertype:ip:tcp,52:54:00:12:35:02,RealtekU_12:35:02,5395456,Realtek (UpTech? also reported),52:54:00:12:35:02,RealtekU_12:35:02,5395456,Realtek (UpTech? also reported),1,1,0,0,52:54:00:12:34:56,RealtekU_12:34:56,5395456,Realtek (UpTech? also reported),52:54:00:12:34:56,RealtekU_12:34:56,5395456,Realtek (UpTech? also reported),1,1,0,0,0x00000800,4,20,0x00000000,0,0,60,0x0000be2b,0x00000040,0,1,0,0,64,6,0x00004145,2,10.0.2.15,211.46.92.14,10.0.2.15,211.46.92.14,211.46.92.14,211.46.92.14,,,,,,,,,,,,,,,,,,,,,,,,,,,,,,,,,,,,,,,,,,,,,,,,,,,,,,,,,,,,,,,,37655,3080,3080,1,0,0,4216879425,1,0,0,40,0x00000002,0,0,0,0,0,0,0,0,1,,Connection establish request (SYN): server port 3080,2097152,33554432,0,··········S·,14000,14000,0x0000f547,2,0,02:04:05:78:04:02:08:0a:ff:ff:cd:44:00:00:00:00:01:03:03:01,02:04:05:78,2,4,1400,04:02,4,2,08:0a:ff:ff:cd:44:00:00:00:00,8,10,4294954308,0,01,1,03:03:01,3,3,1,2,15.020077000,8.010176000,,This frame is a (suspected) retransmission,4194304,33554432,15.020077000,7,,,,,,,,,,,,,,,,,,,,,,,,,,,,,
18,packets-2018-06-18,doc,,1,"Jun 18, 2018 16:29:22.717310000 India Standard Time",0.000000000,1529319562.717310000,21.315266000,21.315266000,82.178013000,19,74,74,0,0,eth:ethertype:ip:tcp,52:54:00:12:35:02,RealtekU_12:35:02,5395456,Realtek (UpTech? also reported),52:54:00:12:35:02,RealtekU_12:35:02,5395456,Realtek (UpTech? also reported),1,1,0,0,52:54:00:12:34:56,RealtekU_12:34:56,5395456,Realtek (UpTech? also reported),52:54:00:12:34:56,RealtekU_12:34:56,5395456,Realtek (UpTech? also reported),1,1,0,0,0x00000800,4,20,0x00000000,0,0,60,0x0000d489,0x00000040,0,1,0,0,64,6,0x00002ae7,2,10.0.2.15,211.46.92.14,10.0.2.15,211.46.92.14,211.46.92.14,211.46.92.14,,,,,,,,,,,,,,,,,,,,,,,,,,,,,,,,,,,,,,,,,,,,,,,,,,,,,,,,,,,,,,,,38469,3080,3080,2,0,0,3549561118,1,0,0,40,0x00000002,0,0,0,0,0,0,0,0,1,,Connection establish request (SYN): server port 3080,2097152,33554432,0,··········S·,14000,14000,0x000089b0,2,0,02:04:05:78:04:02:08:0a:ff:ff:d5:97:00:00:00:00:01:03:03:01,02:04:05:78,2,4,1400,04:02,4,2,08:0a:ff:ff:d5:97:00:00:00:00,8,10,4294956439,0,01,1,03:03:01,3,3,1,2,0.000000000,0.000000000,,,,,,,,,,,,,,,,,,,,,,,,,,,,,,,,,,,
19,packets-2018-06-18,doc,,1,"Jun 18, 2018 16:29:23.712780000 India Standard Time",0.000000000,1529319563.712780000,0.995470000,0.995470000,83.173483000,20,74,74,0,0,eth:ethertype:ip:tcp,52:54:00:12:35:02,RealtekU_12:35:02,5395456,Realtek (UpTech? also reported),52:54:00:12:35:02,RealtekU_12:35:02,5395456,Realtek (UpTech? also reported),1,1,0,0,52:54:00:12:34:56,RealtekU_12:34:56,5395456,Realtek (UpTech? also reported),52:54:00:12:34:56,RealtekU_12:34:56,5395456,Realtek (UpTech? also reported),1,1,0,0,0x00000800,4,20,0x00000000,0,0,60,0x0000d48a,0x00000040,0,1,0,0,64,6,0x00002ae6,2,10.0.2.15,211.46.92.14,10.0.2.15,211.46.92.14,211.46.92.14,211.46.92.14,,,,,,,,,,,,,,,,,,,,,,,,,,,,,,,,,,,,,,,,,,,,,,,,,,,,,,,,,,,,,,,,38469,3080,3080,2,0,0,3549561118,1,0,0,40,0x00000002,0,0,0,0,0,0,0,0,1,,Connection establish request (SYN): server port 3080,2097152,33554432,0,··········S·,14000,14000,0x0000894c,2,0,02:04:05:78:04:02:08:0a:ff:ff:d5:fb:00:00:00:00:01:03:03:01,02:04:05:78,2,4,1400,04:02,4,2,08:0a:ff:ff:d5:fb:00:00:00:00,8,10,4294956539,0,01,1,03:03:01,3,3,1,2,0.995470000,0.995470000,,This frame is a (suspected) retransmission,4194304,33554432,0.995470000,19,,,,,,,,,,,,,,,,,,,,,,,,,,,,,
20,packets-2018-06-18,doc,,1,"Jun 18, 2018 16:29:25.712644000 India Standard Time",0.000000000,1529319565.712644000,1.999864000,1.999864000,85.173347000,21,74,74,0,0,eth:ethertype:ip:tcp,52:54:00:12:35:02,RealtekU_12:35:02,5395456,Realtek (UpTech? also reported),52:54:00:12:35:02,RealtekU_12:35:02,5395456,Realtek (UpTech? also reported),1,1,0,0,52:54:00:12:34:56,RealtekU_12:34:56,5395456,Realtek (UpTech? also reported),52:54:00:12:34:56,RealtekU_12:34:56,5395456,Realtek (UpTech? also reported),1,1,0,0,0x00000800,4,20,0x00000000,0,0,60,0x0000d48b,0x00000040,0,1,0,0,64,6,0x00002ae5,2,10.0.2.15,211.46.92.14,10.0.2.15,211.46.92.14,211.46.92.14,211.46.92.14,,,,,,,,,,,,,,,,,,,,,,,,,,,,,,,,,,,,,,,,,,,,,,,,,,,,,,,,,,,,,,,,38469,3080,3080,2,0,0,3549561118,1,0,0,40,0x00000002,0,0,0,0,0,0,0,0,1,,Connection establish request (SYN): server port 3080,2097152,33554432,0,··········S·,14000,14000,0x00008884,2,0,02:04:05:78:04:02:08:0a:ff:ff:d6:c3:00:00:00:00:01:03:03:01,02:04:05:78,2,4,1400,04:02,4,2,08:0a:ff:ff:d6:c3:00:00:00:00,8,10,4294956739,0,01,1,03:03:01,3,3,1,2,2.995334000,1.999864000,,This frame is a (suspected) retransmission,4194304,33554432,2.995334000,19,,,,,,,,,,,,,,,,,,,,,,,,,,,,,
21,packets-2018-06-18,doc,,1,"Jun 18, 2018 16:29:25.778672000 India Standard Time",0.000000000,1529319565.778672000,0.066028000,0.066028000,85.239375000,22,74,74,0,0,eth:ethertype:ip:tcp,52:54:00:12:35:02,RealtekU_12:35:02,5395456,Realtek (UpTech? also reported),52:54:00:12:35:02,RealtekU_12:35:02,5395456,Realtek (UpTech? also reported),1,1,0,0,52:54:00:12:34:56,RealtekU_12:34:56,5395456,Realtek (UpTech? also reported),52:54:00:12:34:56,RealtekU_12:34:56,5395456,Realtek (UpTech? also reported),1,1,0,0,0x00000800,4,20,0x00000000,0,0,60,0x0000a0a6,0x00000040,0,1,0,0,64,6,0x00005eca,2,10.0.2.15,211.46.92.14,10.0.2.15,211.46.92.14,211.46.92.14,211.46.92.14,,,,,,,,,,,,,,,,,,,,,,,,,,,,,,,,,,,,,,,,,,,,,,,,,,,,,,,,,,,,,,,,60197,3080,3080,3,0,0,3826480751,1,0,0,40,0x00000002,0,0,0,0,0,0,0,0,1,,Connection establish request (SYN): server port 3080,2097152,33554432,0,··········S·,14000,14000,0x0000adcb,2,0,02:04:05:78:04:02:08:0a:ff:ff:d6:c9:00:00:00:00:01:03:03:01,02:04:05:78,2,4,1400,04:02,4,2,08:0a:ff:ff:d6:c9:00:00:00:00,8,10,4294956745,0,01,1,03:03:01,3,3,1,2,0.000000000,0.000000000,,,,,,,,,,,,,,,,,,,,,,,,,,,,,,,,,,,
22,packets-2018-06-18,doc,,1,"Jun 18, 2018 16:29:26.772867000 India Standard Time",0.000000000,1529319566.772867000,0.994195000,0.994195000,86.233570000,23,74,74,0,0,eth:ethertype:ip:tcp,52:54:00:12:35:02,RealtekU_12:35:02,5395456,Realtek (UpTech? also reported),52:54:00:12:35:02,RealtekU_12:35:02,5395456,Realtek (UpTech? also reported),1,1,0,0,52:54:00:12:34:56,RealtekU_12:34:56,5395456,Realtek (UpTech? also reported),52:54:00:12:34:56,RealtekU_12:34:56,5395456,Realtek (UpTech? also reported),1,1,0,0,0x00000800,4,20,0x00000000,0,0,60,0x0000a0a7,0x00000040,0,1,0,0,64,6,0x00005ec9,2,10.0.2.15,211.46.92.14,10.0.2.15,211.46.92.14,211.46.92.14,211.46.92.14,,,,,,,,,,,,,,,,,,,,,,,,,,,,,,,,,,,,,,,,,,,,,,,,,,,,,,,,,,,,,,,,60197,3080,3080,3,0,0,3826480751,1,0,0,40,0x00000002,0,0,0,0,0,0,0,0,1,,Connection establish request (SYN): server port 3080,2097152,33554432,0,··········S·,14000,14000,0x0000ad67,2,0,02:04:05:78:04:02:08:0a:ff:ff:d7:2d:00:00:00:00:01:03:03:01,02:04:05:78,2,4,1400,04:02,4,2,08:0a:ff:ff:d7:2d:00:00:00:00,8,10,4294956845,0,01,1,03:03:01,3,3,1,2,0.994195000,0.994195000,,This frame is a (suspected) retransmission,4194304,33554432,0.994195000,22,,,,,,,,,,,,,,,,,,,,,,,,,,,,,
23,packets-2018-06-18,doc,,1,"Jun 18, 2018 16:29:28.772447000 India Standard Time",0.000000000,1529319568.772447000,1.999580000,1.999580000,88.233150000,24,74,74,0,0,eth:ethertype:ip:tcp,52:54:00:12:35:02,RealtekU_12:35:02,5395456,Realtek (UpTech? also reported),52:54:00:12:35:02,RealtekU_12:35:02,5395456,Realtek (UpTech? also reported),1,1,0,0,52:54:00:12:34:56,RealtekU_12:34:56,5395456,Realtek (UpTech? also reported),52:54:00:12:34:56,RealtekU_12:34:56,5395456,Realtek (UpTech? also reported),1,1,0,0,0x00000800,4,20,0x00000000,0,0,60,0x0000a0a8,0x00000040,0,1,0,0,64,6,0x00005ec8,2,10.0.2.15,211.46.92.14,10.0.2.15,211.46.92.14,211.46.92.14,211.46.92.14,,,,,,,,,,,,,,,,,,,,,,,,,,,,,,,,,,,,,,,,,,,,,,,,,,,,,,,,,,,,,,,,60197,3080,3080,3,0,0,3826480751,1,0,0,40,0x00000002,0,0,0,0,0,0,0,0,1,,Connection establish request (SYN): server port 3080,2097152,33554432,0,··········S·,14000,14000,0x0000ac9f,2,0,02:04:05:78:04:02:08:0a:ff:ff:d7:f5:00:00:00:00:01:03:03:01,02:04:05:78,2,4,1400,04:02,4,2,08:0a:ff:ff:d7:f5:00:00:00:00,8,10,4294957045,0,01,1,03:03:01,3,3,1,2,2.993775000,1.999580000,,This frame is a (suspected) retransmission,4194304,33554432,2.993775000,22,,,,,,,,,,,,,,,,,,,,,,,,,,,,,
24,packets-2018-06-18,doc,,1,"Jun 18, 2018 16:29:29.722495000 India Standard Time",0.000000000,1529319569.722495000,0.950048000,0.950048000,89.183198000,25,74,74,0,0,eth:ethertype:ip:tcp,52:54:00:12:35:02,RealtekU_12:35:02,5395456,Realtek (UpTech? also reported),52:54:00:12:35:02,RealtekU_12:35:02,5395456,Realtek (UpTech? also reported),1,1,0,0,52:54:00:12:34:56,RealtekU_12:34:56,5395456,Realtek (UpTech? also reported),52:54:00:12:34:56,RealtekU_12:34:56,5395456,Realtek (UpTech? also reported),1,1,0,0,0x00000800,4,20,0x00000000,0,0,60,0x0000d48c,0x00000040,0,1,0,0,64,6,0x00002ae4,2,10.0.2.15,211.46.92.14,10.0.2.15,211.46.92.14,211.46.92.14,211.46.92.14,,,,,,,,,,,,,,,,,,,,,,,,,,,,,,,,,,,,,,,,,,,,,,,,,,,,,,,,,,,,,,,,38469,3080,3080,2,0,0,3549561118,1,0,0,40,0x00000002,0,0,0,0,0,0,0,0,1,,Connection establish request (SYN): server port 3080,2097152,33554432,0,··········S·,14000,14000,0x000086f3,2,0,02:04:05:78:04:02:08:0a:ff:ff:d8:54:00:00:00:00:01:03:03:01,02:04:05:78,2,4,1400,04:02,4,2,08:0a:ff:ff:d8:54:00:00:00:00,8,10,4294957140,0,01,1,03:03:01,3,3,1,2,7.005185000,4.009851000,,This frame is a (suspected) retransmission,4194304,33554432,7.005185000,19,,,,,,,,,,,,,,,,,,,,,,,,,,,,,
25,packets-2018-06-18,doc,,1,"Jun 18, 2018 16:29:31.782852000 India Standard Time",0.000000000,1529319571.782852000,2.060357000,2.060357000,91.243555000,26,64,64,0,0,eth:ethertype:arp,52:54:00:12:35:02,RealtekU_12:35:02,5395456,Realtek (UpTech? also reported),52:54:00:12:35:02,RealtekU_12:35:02,5395456,Realtek (UpTech? also reported),1,1,0,0,52:54:00:12:34:56,RealtekU_12:34:56,5395456,Realtek (UpTech? also reported),52:54:00:12:34:56,RealtekU_12:34:56,5395456,Realtek (UpTech? also reported),1,1,0,0,0x00000806,,,,,,,,,,,,,,,,,,,,,,,,,,,,,,,,,,,,,,,,,,,,,,,,,,,,,,,,,,,,,,,,,,,,,,,,,,,,,,,,,,,,,,,,,,,,,,,,,,,,,,,,,,,,,,,,,,,,,,,,,,,,,,,,,,,,,,,,,,,,,,,,,,00:00:00:00:00:00:00:00:00:00:00:00:00:00:00:00:00:00,0x00000000,2,1,0x00000800,6,4,1,52:54:00:12:34:56,10.0.2.15,00:00:00:00:00:00,10.0.2.2,,,,,,,,,,,,,,,,,
26,packets-2018-06-18,doc,,1,"Jun 18, 2018 16:29:31.782854000 India Standard Time",0.000000000,1529319571.782854000,0.000002000,0.000002000,91.243557000,27,42,42,0,0,eth:ethertype:arp,52:54:00:12:34:56,RealtekU_12:34:56,5395456,Realtek (UpTech? also reported),52:54:00:12:34:56,RealtekU_12:34:56,5395456,Realtek (UpTech? also reported),1,1,0,0,52:54:00:12:35:02,RealtekU_12:35:02,5395456,Realtek (UpTech? also reported),52:54:00:12:35:02,RealtekU_12:35:02,5395456,Realtek (UpTech? also reported),1,1,0,0,0x00000806,,,,,,,,,,,,,,,,,,,,,,,,,,,,,,,,,,,,,,,,,,,,,,,,,,,,,,,,,,,,,,,,,,,,,,,,,,,,,,,,,,,,,,,,,,,,,,,,,,,,,,,,,,,,,,,,,,,,,,,,,,,,,,,,,,,,,,,,,,,,,,,,,,,,,1,0x00000800,6,4,2,52:54:00:12:35:02,10.0.2.2,52:54:00:12:34:56,10.0.2.15,,,,,,,,,,,,,,,,,
27,packets-2018-06-18,doc,,1,"Jun 18, 2018 16:29:32.782494000 India Standard Time",0.000000000,1529319572.782494000,0.999640000,0.999640000,92.243197000,28,74,74,0,0,eth:ethertype:ip:tcp,52:54:00:12:35:02,RealtekU_12:35:02,5395456,Realtek (UpTech? also reported),52:54:00:12:35:02,RealtekU_12:35:02,5395456,Realtek (UpTech? also reported),1,1,0,0,52:54:00:12:34:56,RealtekU_12:34:56,5395456,Realtek (UpTech? also reported),52:54:00:12:34:56,RealtekU_12:34:56,5395456,Realtek (UpTech? also reported),1,1,0,0,0x00000800,4,20,0x00000000,0,0,60,0x0000a0a9,0x00000040,0,1,0,0,64,6,0x00005ec7,2,10.0.2.15,211.46.92.14,10.0.2.15,211.46.92.14,211.46.92.14,211.46.92.14,,,,,,,,,,,,,,,,,,,,,,,,,,,,,,,,,,,,,,,,,,,,,,,,,,,,,,,,,,,,,,,,60197,3080,3080,3,0,0,3826480751,1,0,0,40,0x00000002,0,0,0,0,0,0,0,0,1,,Connection establish request (SYN): server port 3080,2097152,33554432,0,··········S·,14000,14000,0x0000ab0e,2,0,02:04:05:78:04:02:08:0a:ff:ff:d9:86:00:00:00:00:01:03:03:01,02:04:05:78,2,4,1400,04:02,4,2,08:0a:ff:ff:d9:86:00:00:00:00,8,10,4294957446,0,01,1,03:03:01,3,3,1,2,7.003822000,4.010047000,,This frame is a (suspected) retransmission,4194304,33554432,7.003822000,22,,,,,,,,,,,,,,,,,,,,,,,,,,,,,
28,packets-2018-06-18,doc,,1,"Jun 18, 2018 16:29:37.742806000 India Standard Time",0.000000000,1529319577.742806000,4.960312000,4.960312000,97.203509000,29,74,74,0,0,eth:ethertype:ip:tcp,52:54:00:12:35:02,RealtekU_12:35:02,5395456,Realtek (UpTech? also reported),52:54:00:12:35:02,RealtekU_12:35:02,5395456,Realtek (UpTech? also reported),1,1,0,0,52:54:00:12:34:56,RealtekU_12:34:56,5395456,Realtek (UpTech? also reported),52:54:00:12:34:56,RealtekU_12:34:56,5395456,Realtek (UpTech? also reported),1,1,0,0,0x00000800,4,20,0x00000000,0,0,60,0x0000d48d,0x00000040,0,1,0,0,64,6,0x00002ae3,2,10.0.2.15,211.46.92.14,10.0.2.15,211.46.92.14,211.46.92.14,211.46.92.14,,,,,,,,,,,,,,,,,,,,,,,,,,,,,,,,,,,,,,,,,,,,,,,,,,,,,,,,,,,,,,,,38469,3080,3080,2,0,0,3549561118,1,0,0,40,0x00000002,0,0,0,0,0,0,0,0,1,,Connection establish request (SYN): server port 3080,2097152,33554432,0,··········S·,14000,14000,0x000083d1,2,0,02:04:05:78:04:02:08:0a:ff:ff:db:76:00:00:00:00:01:03:03:01,02:04:05:78,2,4,1400,04:02,4,2,08:0a:ff:ff:db:76:00:00:00:00,8,10,4294957942,0,01,1,03:03:01,3,3,1,2,15.025496000,8.020311000,,This frame is a (suspected) retransmission,4194304,33554432,15.025496000,19,,,,,,,,,,,,,,,,,,,,,,,,,,,,,
29,packets-2018-06-18,doc,,1,"Jun 18, 2018 16:29:40.802551000 India Standard Time",0.000000000,1529319580.802551000,3.059745000,3.059745000,100.263254000,30,74,74,0,0,eth:ethertype:ip:tcp,52:54:00:12:35:02,RealtekU_12:35:02,5395456,Realtek (UpTech? also reported),52:54:00:12:35:02,RealtekU_12:35:02,5395456,Realtek (UpTech? also reported),1,1,0,0,52:54:00:12:34:56,RealtekU_12:34:56,5395456,Realtek (UpTech? also reported),52:54:00:12:34:56,RealtekU_12:34:56,5395456,Realtek (UpTech? also reported),1,1,0,0,0x00000800,4,20,0x00000000,0,0,60,0x0000a0aa,0x00000040,0,1,0,0,64,6,0x00005ec6,2,10.0.2.15,211.46.92.14,10.0.2.15,211.46.92.14,211.46.92.14,211.46.92.14,,,,,,,,,,,,,,,,,,,,,,,,,,,,,,,,,,,,,,,,,,,,,,,,,,,,,,,,,,,,,,,,60197,3080,3080,3,0,0,3826480751,1,0,0,40,0x00000002,0,0,0,0,0,0,0,0,1,,Connection establish request (SYN): server port 3080,2097152,33554432,0,··········S·,14000,14000,0x0000a7ec,2,0,02:04:05:78:04:02:08:0a:ff:ff:dc:a8:00:00:00:00:01:03:03:01,02:04:05:78,2,4,1400,04:02,4,2,08:0a:ff:ff:dc:a8:00:00:00:00,8,10,4294958248,0,01,1,03:03:01,3,3,1,2,15.023879000,8.020057000,,This frame is a (suspected) retransmission,4194304,33554432,15.023879000,22,,,,,,,,,,,,,,,,,,,,,,,,,,,,,
30,packets-2018-06-18,doc,,1,"Jun 18, 2018 16:29:58.560372000 India Standard Time",0.000000000,1529319598.560372000,17.757821000,17.757821000,118.021075000,31,54,54,0,0,eth:ethertype:ip:ipv6.hopopts:ipv6.hopopts,52:54:00:12:34:56,RealtekU_12:34:56,5395456,Realtek (UpTech? also reported),52:54:00:12:34:56,RealtekU_12:34:56,5395456,Realtek (UpTech? also reported),1,1,0,0,52:54:00:12:35:02,RealtekU_12:35:02,5395456,Realtek (UpTech? also reported),52:54:00:12:35:02,RealtekU_12:35:02,5395456,Realtek (UpTech? also reported),1,1,0,0,0x00000800,4,20,0x00000000,0,0,40,0x00000004,0x00000000,0,0,0,0,64,0,0x00007ad3,2,0.0.0.0,0.0.0.0,0.0.0.0,0.0.0.0,0.0.0.0,0.0.0.0,,,,,,,,,,,,,,,,,,,,,,,,,,,,,,,,,,,,,,,,,,,,,,,,,,,,,,,,,,,,,,,,,,,,,,,,,,,,,,,,,,,,,,,,,,,,,,,,,,,,,,,,,,,,,,,,,,,,,,,,,,,,,,,,,,,,,,,,,IPv6 Hop-by-Hop extension header must appear immediately after IPv6 header,8388608,150994944,0,0,8,20,0,0,0x00000014,32,,Malformed Packet (Exception occurred),8388608,117440512,Malformed Packet
31,packets-2018-06-18,doc,,1,"Jun 18, 2018 16:30:01.054870000 India Standard Time",0.000000000,1529319601.054870000,2.494498000,2.494498000,120.515573000,32,54,54,0,0,eth:ethertype:ip:ipv6.hopopts:ipv6.hopopts,52:54:00:12:34:56,RealtekU_12:34:56,5395456,Realtek (UpTech? also reported),52:54:00:12:34:56,RealtekU_12:34:56,5395456,Realtek (UpTech? also reported),1,1,0,0,52:54:00:12:35:02,RealtekU_12:35:02,5395456,Realtek (UpTech? also reported),52:54:00:12:35:02,RealtekU_12:35:02,5395456,Realtek (UpTech? also reported),1,1,0,0,0x00000800,4,20,0x00000000,0,0,40,0x00000005,0x00000000,0,0,0,0,64,0,0x00007ad2,2,0.0.0.0,0.0.0.0,0.0.0.0,0.0.0.0,0.0.0.0,0.0.0.0,,,,,,,,,,,,,,,,,,,,,,,,,,,,,,,,,,,,,,,,,,,,,,,,,,,,,,,,,,,,,,,,,,,,,,,,,,,,,,,,,,,,,,,,,,,,,,,,,,,,,,,,,,,,,,,,,,,,,,,,,,,,,,,,,,,,,,,,,IPv6 Hop-by-Hop extension header must appear immediately after IPv6 header,8388608,150994944,0,0,8,20,0,0,0x00000014,32,,Malformed Packet (Exception occurred),8388608,117440512,Malformed Packet
32,packets-2018-06-18,doc,,1,"Jun 18, 2018 16:30:37.482399000 India Standard Time",0.000000000,1529319637.482399000,36.427529000,36.427529000,156.943102000,33,54,54,0,0,eth:ethertype:ip:ipv6.hopopts:ipv6.hopopts,52:54:00:12:34:56,RealtekU_12:34:56,5395456,Realtek (UpTech? also reported),52:54:00:12:34:56,RealtekU_12:34:56,5395456,Realtek (UpTech? also reported),1,1,0,0,52:54:00:12:35:02,RealtekU_12:35:02,5395456,Realtek (UpTech? also reported),52:54:00:12:35:02,RealtekU_12:35:02,5395456,Realtek (UpTech? also reported),1,1,0,0,0x00000800,4,20,0x00000000,0,0,40,0x00000006,0x00000000,0,0,0,0,64,0,0x00007ad1,2,0.0.0.0,0.0.0.0,0.0.0.0,0.0.0.0,0.0.0.0,0.0.0.0,,,,,,,,,,,,,,,,,,,,,,,,,,,,,,,,,,,,,,,,,,,,,,,,,,,,,,,,,,,,,,,,,,,,,,,,,,,,,,,,,,,,,,,,,,,,,,,,,,,,,,,,,,,,,,,,,,,,,,,,,,,,,,,,,,,,,,,,,IPv6 Hop-by-Hop extension header must appear immediately after IPv6 header,8388608,150994944,0,0,8,20,0,0,0x00000014,32,,Malformed Packet (Exception occurred),8388608,117440512,Malformed Packet
33,packets-2018-06-18,doc,,1,"Jun 18, 2018 16:30:40.476407000 India Standard Time",0.000000000,1529319640.476407000,2.994008000,2.994008000,159.937110000,34,54,54,0,0,eth:ethertype:ip:ipv6.hopopts:ipv6.hopopts,52:54:00:12:34:56,RealtekU_12:34:56,5395456,Realtek (UpTech? also reported),52:54:00:12:34:56,RealtekU_12:34:56,5395456,Realtek (UpTech? also reported),1,1,0,0,52:54:00:12:35:02,RealtekU_12:35:02,5395456,Realtek (UpTech? also reported),52:54:00:12:35:02,RealtekU_12:35:02,5395456,Realtek (UpTech? also reported),1,1,0,0,0x00000800,4,20,0x00000000,0,0,40,0x00000007,0x00000000,0,0,0,0,64,0,0x00007ad0,2,0.0.0.0,0.0.0.0,0.0.0.0,0.0.0.0,0.0.0.0,0.0.0.0,,,,,,,,,,,,,,,,,,,,,,,,,,,,,,,,,,,,,,,,,,,,,,,,,,,,,,,,,,,,,,,,,,,,,,,,,,,,,,,,,,,,,,,,,,,,,,,,,,,,,,,,,,,,,,,,,,,,,,,,,,,,,,,,,,,,,,,,,IPv6 Hop-by-Hop extension header must appear immediately after IPv6 header,8388608,150994944,0,0,8,20,0,0,0x00000014,32,,Malformed Packet (Exception occurred),8388608,117440512,Malformed Packet
34,packets-2018-06-18,doc,,1,"Jun 18, 2018 16:31:03.181620000 India Standard Time",0.000000000,1529319663.181620000,22.705213000,22.705213000,182.642323000,35,74,74,0,0,eth:ethertype:ip:tcp,52:54:00:12:35:02,RealtekU_12:35:02,5395456,Realtek (UpTech? also reported),52:54:00:12:35:02,RealtekU_12:35:02,5395456,Realtek (UpTech? also reported),1,1,0,0,52:54:00:12:34:56,RealtekU_12:34:56,5395456,Realtek (UpTech? also reported),52:54:00:12:34:56,RealtekU_12:34:56,5395456,Realtek (UpTech? also reported),1,1,0,0,0x00000800,4,20,0x00000000,0,0,60,0x00000daa,0x00000040,0,1,0,0,64,6,0x0000f1c6,2,10.0.2.15,211.46.92.14,10.0.2.15,211.46.92.14,211.46.92.14,211.46.92.14,,,,,,,,,,,,,,,,,,,,,,,,,,,,,,,,,,,,,,,,,,,,,,,,,,,,,,,,,,,,,,,,52574,3080,3080,4,0,0,3444109695,1,0,0,40,0x00000002,0,0,0,0,0,0,0,0,1,,Connection establish request (SYN): server port 3080,2097152,33554432,0,··········S·,14000,14000,0x00004141,2,0,02:04:05:78:04:02:08:0a:ff:ff:fc:d5:00:00:00:00:01:03:03:01,02:04:05:78,2,4,1400,04:02,4,2,08:0a:ff:ff:fc:d5:00:00:00:00,8,10,4294966485,0,01,1,03:03:01,3,3,1,2,0.000000000,0.000000000,,,,,,,,,,,,,,,,,,,,,,,,,,,,,,,,,,,
35,packets-2018-06-18,doc,,1,"Jun 18, 2018 16:31:04.181998000 India Standard Time",0.000000000,1529319664.181998000,1.000378000,1.000378000,183.642701000,36,74,74,0,0,eth:ethertype:ip:tcp,52:54:00:12:35:02,RealtekU_12:35:02,5395456,Realtek (UpTech? also reported),52:54:00:12:35:02,RealtekU_12:35:02,5395456,Realtek (UpTech? also reported),1,1,0,0,52:54:00:12:34:56,RealtekU_12:34:56,5395456,Realtek (UpTech? also reported),52:54:00:12:34:56,RealtekU_12:34:56,5395456,Realtek (UpTech? also reported),1,1,0,0,0x00000800,4,20,0x00000000,0,0,60,0x00000dab,0x00000040,0,1,0,0,64,6,0x0000f1c5,2,10.0.2.15,211.46.92.14,10.0.2.15,211.46.92.14,211.46.92.14,211.46.92.14,,,,,,,,,,,,,,,,,,,,,,,,,,,,,,,,,,,,,,,,,,,,,,,,,,,,,,,,,,,,,,,,52574,3080,3080,4,0,0,3444109695,1,0,0,40,0x00000002,0,0,0,0,0,0,0,0,1,,Connection establish request (SYN): server port 3080,2097152,33554432,0,··········S·,14000,14000,0x000040dc,2,0,02:04:05:78:04:02:08:0a:ff:ff:fd:3a:00:00:00:00:01:03:03:01,02:04:05:78,2,4,1400,04:02,4,2,08:0a:ff:ff:fd:3a:00:00:00:00,8,10,4294966586,0,01,1,03:03:01,3,3,1,2,1.000378000,1.000378000,,This frame is a (suspected) retransmission,4194304,33554432,1.000378000,35,,,,,,,,,,,,,,,,,,,,,,,,,,,,,
36,packets-2018-06-18,doc,,1,"Jun 18, 2018 16:31:06.182300000 India Standard Time",0.000000000,1529319666.182300000,2.000302000,2.000302000,185.643003000,37,74,74,0,0,eth:ethertype:ip:tcp,52:54:00:12:35:02,RealtekU_12:35:02,5395456,Realtek (UpTech? also reported),52:54:00:12:35:02,RealtekU_12:35:02,5395456,Realtek (UpTech? also reported),1,1,0,0,52:54:00:12:34:56,RealtekU_12:34:56,5395456,Realtek (UpTech? also reported),52:54:00:12:34:56,RealtekU_12:34:56,5395456,Realtek (UpTech? also reported),1,1,0,0,0x00000800,4,20,0x00000000,0,0,60,0x00000dac,0x00000040,0,1,0,0,64,6,0x0000f1c4,2,10.0.2.15,211.46.92.14,10.0.2.15,211.46.92.14,211.46.92.14,211.46.92.14,,,,,,,,,,,,,,,,,,,,,,,,,,,,,,,,,,,,,,,,,,,,,,,,,,,,,,,,,,,,,,,,52574,3080,3080,4,0,0,3444109695,1,0,0,40,0x00000002,0,0,0,0,0,0,0,0,1,,Connection establish request (SYN): server port 3080,2097152,33554432,0,··········S·,14000,14000,0x00004014,2,0,02:04:05:78:04:02:08:0a:ff:ff:fe:02:00:00:00:00:01:03:03:01,02:04:05:78,2,4,1400,04:02,4,2,08:0a:ff:ff:fe:02:00:00:00:00,8,10,4294966786,0,01,1,03:03:01,3,3,1,2,3.000680000,2.000302000,,This frame is a (suspected) retransmission,4194304,33554432,3.000680000,35,,,,,,,,,,,,,,,,,,,,,,,,,,,,,
37,packets-2018-06-18,doc,,1,"Jun 18, 2018 16:31:08.181854000 India Standard Time",0.000000000,1529319668.181854000,1.999554000,1.999554000,187.642557000,38,64,64,0,0,eth:ethertype:arp,52:54:00:12:35:02,RealtekU_12:35:02,5395456,Realtek (UpTech? also reported),52:54:00:12:35:02,RealtekU_12:35:02,5395456,Realtek (UpTech? also reported),1,1,0,0,52:54:00:12:34:56,RealtekU_12:34:56,5395456,Realtek (UpTech? also reported),52:54:00:12:34:56,RealtekU_12:34:56,5395456,Realtek (UpTech? also reported),1,1,0,0,0x00000806,,,,,,,,,,,,,,,,,,,,,,,,,,,,,,,,,,,,,,,,,,,,,,,,,,,,,,,,,,,,,,,,,,,,,,,,,,,,,,,,,,,,,,,,,,,,,,,,,,,,,,,,,,,,,,,,,,,,,,,,,,,,,,,,,,,,,,,,,,,,,,,,,,00:00:00:00:00:00:00:00:00:00:00:00:00:00:00:00:00:00,0x00000000,2,1,0x00000800,6,4,1,52:54:00:12:34:56,10.0.2.15,00:00:00:00:00:00,10.0.2.2,,,,,,,,,,,,,,,,,
38,packets-2018-06-18,doc,,1,"Jun 18, 2018 16:31:08.181857000 India Standard Time",0.000000000,1529319668.181857000,0.000003000,0.000003000,187.642560000,39,42,42,0,0,eth:ethertype:arp,52:54:00:12:34:56,RealtekU_12:34:56,5395456,Realtek (UpTech? also reported),52:54:00:12:34:56,RealtekU_12:34:56,5395456,Realtek (UpTech? also reported),1,1,0,0,52:54:00:12:35:02,RealtekU_12:35:02,5395456,Realtek (UpTech? also reported),52:54:00:12:35:02,RealtekU_12:35:02,5395456,Realtek (UpTech? also reported),1,1,0,0,0x00000806,,,,,,,,,,,,,,,,,,,,,,,,,,,,,,,,,,,,,,,,,,,,,,,,,,,,,,,,,,,,,,,,,,,,,,,,,,,,,,,,,,,,,,,,,,,,,,,,,,,,,,,,,,,,,,,,,,,,,,,,,,,,,,,,,,,,,,,,,,,,,,,,,,,,,1,0x00000800,6,4,2,52:54:00:12:35:02,10.0.2.2,52:54:00:12:34:56,10.0.2.15,,,,,,,,,,,,,,,,,
39,packets-2018-06-18,doc,,1,"Jun 18, 2018 16:31:10.191904000 India Standard Time",0.000000000,1529319670.191904000,2.010047000,2.010047000,189.652607000,40,74,74,0,0,eth:ethertype:ip:tcp,52:54:00:12:35:02,RealtekU_12:35:02,5395456,Realtek (UpTech? also reported),52:54:00:12:35:02,RealtekU_12:35:02,5395456,Realtek (UpTech? also reported),1,1,0,0,52:54:00:12:34:56,RealtekU_12:34:56,5395456,Realtek (UpTech? also reported),52:54:00:12:34:56,RealtekU_12:34:56,5395456,Realtek (UpTech? also reported),1,1,0,0,0x00000800,4,20,0x00000000,0,0,60,0x00000dad,0x00000040,0,1,0,0,64,6,0x0000f1c3,2,10.0.2.15,211.46.92.14,10.0.2.15,211.46.92.14,211.46.92.14,211.46.92.14,,,,,,,,,,,,,,,,,,,,,,,,,,,,,,,,,,,,,,,,,,,,,,,,,,,,,,,,,,,,,,,,52574,3080,3080,4,0,0,3444109695,1,0,0,40,0x00000002,0,0,0,0,0,0,0,0,1,,Connection establish request (SYN): server port 3080,2097152,33554432,0,··········S·,14000,14000,0x00003e83,2,0,02:04:05:78:04:02:08:0a:ff:ff:ff:93:00:00:00:00:01:03:03:01,02:04:05:78,2,4,1400,04:02,4,2,08:0a:ff:ff:ff:93:00:00:00:00,8,10,4294967187,0,01,1,03:03:01,3,3,1,2,7.010284000,4.009604000,,This frame is a (suspected) retransmission,4194304,33554432,7.010284000,35,,,,,,,,,,,,,,,,,,,,,,,,,,,,,
40,packets-2018-06-18,doc,,1,"Jun 18, 2018 16:31:18.202228000 India Standard Time",0.000000000,1529319678.202228000,8.010324000,8.010324000,197.662931000,41,74,74,0,0,eth:ethertype:ip:tcp,52:54:00:12:35:02,RealtekU_12:35:02,5395456,Realtek (UpTech? also reported),52:54:00:12:35:02,RealtekU_12:35:02,5395456,Realtek (UpTech? also reported),1,1,0,0,52:54:00:12:34:56,RealtekU_12:34:56,5395456,Realtek (UpTech? also reported),52:54:00:12:34:56,RealtekU_12:34:56,5395456,Realtek (UpTech? also reported),1,1,0,0,0x00000800,4,20,0x00000000,0,0,60,0x00000dae,0x00000040,0,1,0,0,64,6,0x0000f1c2,2,10.0.2.15,211.46.92.14,10.0.2.15,211.46.92.14,211.46.92.14,211.46.92.14,,,,,,,,,,,,,,,,,,,,,,,,,,,,,,,,,,,,,,,,,,,,,,,,,,,,,,,,,,,,,,,,52574,3080,3080,4,0,0,3444109695,1,0,0,40,0x00000002,0,0,0,0,0,0,0,0,1,,Connection establish request (SYN): server port 3080,2097152,33554432,0,··········S·,14000,14000,0x00003b63,2,0,02:04:05:78:04:02:08:0a:00:00:02:b4:00:00:00:00:01:03:03:01,02:04:05:78,2,4,1400,04:02,4,2,08:0a:00:00:02:b4:00:00:00:00,8,10,692,0,01,1,03:03:01,3,3,1,2,15.020608000,8.010324000,,This frame is a (suspected) retransmission,4194304,33554432,15.020608000,35,,,,,,,,,,,,,,,,,,,,,,,,,,,,,
41,packets-2018-06-18,doc,,1,"Jun 18, 2018 16:31:20.188658000 India Standard Time",0.000000000,1529319680.188658000,1.986430000,1.986430000,199.649361000,42,74,74,0,0,eth:ethertype:ip:tcp,52:54:00:12:35:02,RealtekU_12:35:02,5395456,Realtek (UpTech? also reported),52:54:00:12:35:02,RealtekU_12:35:02,5395456,Realtek (UpTech? also reported),1,1,0,0,52:54:00:12:34:56,RealtekU_12:34:56,5395456,Realtek (UpTech? also reported),52:54:00:12:34:56,RealtekU_12:34:56,5395456,Realtek (UpTech? also reported),1,1,0,0,0x00000800,4,20,0x00000000,0,0,60,0x0000642b,0x00000040,0,1,0,0,64,6,0x00009b45,2,10.0.2.15,211.46.92.14,10.0.2.15,211.46.92.14,211.46.92.14,211.46.92.14,,,,,,,,,,,,,,,,,,,,,,,,,,,,,,,,,,,,,,,,,,,,,,,,,,,,,,,,,,,,,,,,39712,3080,3080,5,0,0,805594961,1,0,0,40,0x00000002,0,0,0,0,0,0,0,0,1,,Connection establish request (SYN): server port 3080,2097152,33554432,0,··········S·,14000,14000,0x0000944e,2,0,02:04:05:78:04:02:08:0a:00:00:03:7a:00:00:00:00:01:03:03:01,02:04:05:78,2,4,1400,04:02,4,2,08:0a:00:00:03:7a:00:00:00:00,8,10,890,0,01,1,03:03:01,3,3,1,2,0.000000000,0.000000000,,,,,,,,,,,,,,,,,,,,,,,,,,,,,,,,,,,
42,packets-2018-06-18,doc,,1,"Jun 18, 2018 16:31:21.181898000 India Standard Time",0.000000000,1529319681.181898000,0.993240000,0.993240000,200.642601000,43,74,74,0,0,eth:ethertype:ip:tcp,52:54:00:12:35:02,RealtekU_12:35:02,5395456,Realtek (UpTech? also reported),52:54:00:12:35:02,RealtekU_12:35:02,5395456,Realtek (UpTech? also reported),1,1,0,0,52:54:00:12:34:56,RealtekU_12:34:56,5395456,Realtek (UpTech? also reported),52:54:00:12:34:56,RealtekU_12:34:56,5395456,Realtek (UpTech? also reported),1,1,0,0,0x00000800,4,20,0x00000000,0,0,60,0x0000642c,0x00000040,0,1,0,0,64,6,0x00009b44,2,10.0.2.15,211.46.92.14,10.0.2.15,211.46.92.14,211.46.92.14,211.46.92.14,,,,,,,,,,,,,,,,,,,,,,,,,,,,,,,,,,,,,,,,,,,,,,,,,,,,,,,,,,,,,,,,39712,3080,3080,5,0,0,805594961,1,0,0,40,0x00000002,0,0,0,0,0,0,0,0,1,,Connection establish request (SYN): server port 3080,2097152,33554432,0,··········S·,14000,14000,0x000093ea,2,0,02:04:05:78:04:02:08:0a:00:00:03:de:00:00:00:00:01:03:03:01,02:04:05:78,2,4,1400,04:02,4,2,08:0a:00:00:03:de:00:00:00:00,8,10,990,0,01,1,03:03:01,3,3,1,2,0.993240000,0.993240000,,This frame is a (suspected) retransmission,4194304,33554432,0.993240000,42,,,,,,,,,,,,,,,,,,,,,,,,,,,,,
43,packets-2018-06-18,doc,,1,"Jun 18, 2018 16:31:23.181951000 India Standard Time",0.000000000,1529319683.181951000,2.000053000,2.000053000,202.642654000,44,74,74,0,0,eth:ethertype:ip:tcp,52:54:00:12:35:02,RealtekU_12:35:02,5395456,Realtek (UpTech? also reported),52:54:00:12:35:02,RealtekU_12:35:02,5395456,Realtek (UpTech? also reported),1,1,0,0,52:54:00:12:34:56,RealtekU_12:34:56,5395456,Realtek (UpTech? also reported),52:54:00:12:34:56,RealtekU_12:34:56,5395456,Realtek (UpTech? also reported),1,1,0,0,0x00000800,4,20,0x00000000,0,0,60,0x0000642d,0x00000040,0,1,0,0,64,6,0x00009b43,2,10.0.2.15,211.46.92.14,10.0.2.15,211.46.92.14,211.46.92.14,211.46.92.14,,,,,,,,,,,,,,,,,,,,,,,,,,,,,,,,,,,,,,,,,,,,,,,,,,,,,,,,,,,,,,,,39712,3080,3080,5,0,0,805594961,1,0,0,40,0x00000002,0,0,0,0,0,0,0,0,1,,Connection establish request (SYN): server port 3080,2097152,33554432,0,··········S·,14000,14000,0x00009322,2,0,02:04:05:78:04:02:08:0a:00:00:04:a6:00:00:00:00:01:03:03:01,02:04:05:78,2,4,1400,04:02,4,2,08:0a:00:00:04:a6:00:00:00:00,8,10,1190,0,01,1,03:03:01,3,3,1,2,2.993293000,2.000053000,,This frame is a (suspected) retransmission,4194304,33554432,2.993293000,42,,,,,,,,,,,,,,,,,,,,,,,,,,,,,
44,packets-2018-06-18,doc,,1,"Jun 18, 2018 16:31:27.191943000 India Standard Time",0.000000000,1529319687.191943000,4.009992000,4.009992000,206.652646000,45,74,74,0,0,eth:ethertype:ip:tcp,52:54:00:12:35:02,RealtekU_12:35:02,5395456,Realtek (UpTech? also reported),52:54:00:12:35:02,RealtekU_12:35:02,5395456,Realtek (UpTech? also reported),1,1,0,0,52:54:00:12:34:56,RealtekU_12:34:56,5395456,Realtek (UpTech? also reported),52:54:00:12:34:56,RealtekU_12:34:56,5395456,Realtek (UpTech? also reported),1,1,0,0,0x00000800,4,20,0x00000000,0,0,60,0x0000642e,0x00000040,0,1,0,0,64,6,0x00009b42,2,10.0.2.15,211.46.92.14,10.0.2.15,211.46.92.14,211.46.92.14,211.46.92.14,,,,,,,,,,,,,,,,,,,,,,,,,,,,,,,,,,,,,,,,,,,,,,,,,,,,,,,,,,,,,,,,39712,3080,3080,5,0,0,805594961,1,0,0,40,0x00000002,0,0,0,0,0,0,0,0,1,,Connection establish request (SYN): server port 3080,2097152,33554432,0,··········S·,14000,14000,0x00009191,2,0,02:04:05:78:04:02:08:0a:00:00:06:37:00:00:00:00:01:03:03:01,02:04:05:78,2,4,1400,04:02,4,2,08:0a:00:00:06:37:00:00:00:00,8,10,1591,0,01,1,03:03:01,3,3,1,2,7.003285000,4.009992000,,This frame is a (suspected) retransmission,4194304,33554432,7.003285000,42,,,,,,,,,,,,,,,,,,,,,,,,,,,,,
45,packets-2018-06-18,doc,,1,"Jun 18, 2018 16:31:35.201993000 India Standard Time",0.000000000,1529319695.201993000,8.010050000,8.010050000,214.662696000,46,74,74,0,0,eth:ethertype:ip:tcp,52:54:00:12:35:02,RealtekU_12:35:02,5395456,Realtek (UpTech? also reported),52:54:00:12:35:02,RealtekU_12:35:02,5395456,Realtek (UpTech? also reported),1,1,0,0,52:54:00:12:34:56,RealtekU_12:34:56,5395456,Realtek (UpTech? also reported),52:54:00:12:34:56,RealtekU_12:34:56,5395456,Realtek (UpTech? also reported),1,1,0,0,0x00000800,4,20,0x00000000,0,0,60,0x0000642f,0x00000040,0,1,0,0,64,6,0x00009b41,2,10.0.2.15,211.46.92.14,10.0.2.15,211.46.92.14,211.46.92.14,211.46.92.14,,,,,,,,,,,,,,,,,,,,,,,,,,,,,,,,,,,,,,,,,,,,,,,,,,,,,,,,,,,,,,,,39712,3080,3080,5,0,0,805594961,1,0,0,40,0x00000002,0,0,0,0,0,0,0,0,1,,Connection establish request (SYN): server port 3080,2097152,33554432,0,··········S·,14000,14000,0x00008e70,2,0,02:04:05:78:04:02:08:0a:00:00:09:58:00:00:00:00:01:03:03:01,02:04:05:78,2,4,1400,04:02,4,2,08:0a:00:00:09:58:00:00:00:00,8,10,2392,0,01,1,03:03:01,3,3,1,2,15.013335000,8.010050000,,This frame is a (suspected) retransmission,4194304,33554432,15.013335000,42,,,,,,,,,,,,,,,,,,,,,,,,,,,,,
46,packets-2018-06-18,doc,,1,"Jun 18, 2018 16:31:44.921108000 India Standard Time",0.000000000,1529319704.921108000,9.719115000,9.719115000,224.381811000,47,74,74,0,0,eth:ethertype:ip:tcp,52:54:00:12:35:02,RealtekU_12:35:02,5395456,Realtek (UpTech? also reported),52:54:00:12:35:02,RealtekU_12:35:02,5395456,Realtek (UpTech? also reported),1,1,0,0,52:54:00:12:34:56,RealtekU_12:34:56,5395456,Realtek (UpTech? also reported),52:54:00:12:34:56,RealtekU_12:34:56,5395456,Realtek (UpTech? also reported),1,1,0,0,0x00000800,4,20,0x00000000,0,0,60,0x00004b96,0x00000040,0,1,0,0,64,6,0x0000b3da,2,10.0.2.15,211.46.92.14,10.0.2.15,211.46.92.14,211.46.92.14,211.46.92.14,,,,,,,,,,,,,,,,,,,,,,,,,,,,,,,,,,,,,,,,,,,,,,,,,,,,,,,,,,,,,,,,48082,3080,3080,6,0,0,3546105525,1,0,0,40,0x00000002,0,0,0,0,0,0,0,0,1,,Connection establish request (SYN): server port 3080,2097152,33554432,0,··········S·,14000,14000,0x0000e735,2,0,02:04:05:78:04:02:08:0a:00:00:0d:23:00:00:00:00:01:03:03:01,02:04:05:78,2,4,1400,04:02,4,2,08:0a:00:00:0d:23:00:00:00:00,8,10,3363,0,01,1,03:03:01,3,3,1,2,0.000000000,0.000000000,,,,,,,,,,,,,,,,,,,,,,,,,,,,,,,,,,,
47,packets-2018-06-18,doc,,1,"Jun 18, 2018 16:31:45.912166000 India Standard Time",0.000000000,1529319705.912166000,0.991058000,0.991058000,225.372869000,48,74,74,0,0,eth:ethertype:ip:tcp,52:54:00:12:35:02,RealtekU_12:35:02,5395456,Realtek (UpTech? also reported),52:54:00:12:35:02,RealtekU_12:35:02,5395456,Realtek (UpTech? also reported),1,1,0,0,52:54:00:12:34:56,RealtekU_12:34:56,5395456,Realtek (UpTech? also reported),52:54:00:12:34:56,RealtekU_12:34:56,5395456,Realtek (UpTech? also reported),1,1,0,0,0x00000800,4,20,0x00000000,0,0,60,0x00004b97,0x00000040,0,1,0,0,64,6,0x0000b3d9,2,10.0.2.15,211.46.92.14,10.0.2.15,211.46.92.14,211.46.92.14,211.46.92.14,,,,,,,,,,,,,,,,,,,,,,,,,,,,,,,,,,,,,,,,,,,,,,,,,,,,,,,,,,,,,,,,48082,3080,3080,6,0,0,3546105525,1,0,0,40,0x00000002,0,0,0,0,0,0,0,0,1,,Connection establish request (SYN): server port 3080,2097152,33554432,0,··········S·,14000,14000,0x0000e6d1,2,0,02:04:05:78:04:02:08:0a:00:00:0d:87:00:00:00:00:01:03:03:01,02:04:05:78,2,4,1400,04:02,4,2,08:0a:00:00:0d:87:00:00:00:00,8,10,3463,0,01,1,03:03:01,3,3,1,2,0.991058000,0.991058000,,This frame is a (suspected) retransmission,4194304,33554432,0.991058000,47,,,,,,,,,,,,,,,,,,,,,,,,,,,,,
48,packets-2018-06-18,doc,,1,"Jun 18, 2018 16:31:47.912282000 India Standard Time",0.000000000,1529319707.912282000,2.000116000,2.000116000,227.372985000,49,74,74,0,0,eth:ethertype:ip:tcp,52:54:00:12:35:02,RealtekU_12:35:02,5395456,Realtek (UpTech? also reported),52:54:00:12:35:02,RealtekU_12:35:02,5395456,Realtek (UpTech? also reported),1,1,0,0,52:54:00:12:34:56,RealtekU_12:34:56,5395456,Realtek (UpTech? also reported),52:54:00:12:34:56,RealtekU_12:34:56,5395456,Realtek (UpTech? also reported),1,1,0,0,0x00000800,4,20,0x00000000,0,0,60,0x00004b98,0x00000040,0,1,0,0,64,6,0x0000b3d8,2,10.0.2.15,211.46.92.14,10.0.2.15,211.46.92.14,211.46.92.14,211.46.92.14,,,,,,,,,,,,,,,,,,,,,,,,,,,,,,,,,,,,,,,,,,,,,,,,,,,,,,,,,,,,,,,,48082,3080,3080,6,0,0,3546105525,1,0,0,40,0x00000002,0,0,0,0,0,0,0,0,1,,Connection establish request (SYN): server port 3080,2097152,33554432,0,··········S·,14000,14000,0x0000e609,2,0,02:04:05:78:04:02:08:0a:00:00:0e:4f:00:00:00:00:01:03:03:01,02:04:05:78,2,4,1400,04:02,4,2,08:0a:00:00:0e:4f:00:00:00:00,8,10,3663,0,01,1,03:03:01,3,3,1,2,2.991174000,2.000116000,,This frame is a (suspected) retransmission,4194304,33554432,2.991174000,47,,,,,,,,,,,,,,,,,,,,,,,,,,,,,
49,packets-2018-06-18,doc,,1,"Jun 18, 2018 16:31:50.922077000 India Standard Time",0.000000000,1529319710.922077000,3.009795000,3.009795000,230.382780000,50,64,64,0,0,eth:ethertype:arp,52:54:00:12:35:02,RealtekU_12:35:02,5395456,Realtek (UpTech? also reported),52:54:00:12:35:02,RealtekU_12:35:02,5395456,Realtek (UpTech? also reported),1,1,0,0,52:54:00:12:34:56,RealtekU_12:34:56,5395456,Realtek (UpTech? also reported),52:54:00:12:34:56,RealtekU_12:34:56,5395456,Realtek (UpTech? also reported),1,1,0,0,0x00000806,,,,,,,,,,,,,,,,,,,,,,,,,,,,,,,,,,,,,,,,,,,,,,,,,,,,,,,,,,,,,,,,,,,,,,,,,,,,,,,,,,,,,,,,,,,,,,,,,,,,,,,,,,,,,,,,,,,,,,,,,,,,,,,,,,,,,,,,,,,,,,,,,,00:00:00:00:00:00:00:00:00:00:00:00:00:00:00:00:00:00,0x00000000,2,1,0x00000800,6,4,1,52:54:00:12:34:56,10.0.2.15,00:00:00:00:00:00,10.0.2.2,,,,,,,,,,,,,,,,,
50,packets-2018-06-18,doc,,1,"Jun 18, 2018 16:31:50.922079000 India Standard Time",0.000000000,1529319710.922079000,0.000002000,0.000002000,230.382782000,51,42,42,0,0,eth:ethertype:arp,52:54:00:12:34:56,RealtekU_12:34:56,5395456,Realtek (UpTech? also reported),52:54:00:12:34:56,RealtekU_12:34:56,5395456,Realtek (UpTech? also reported),1,1,0,0,52:54:00:12:35:02,RealtekU_12:35:02,5395456,Realtek (UpTech? also reported),52:54:00:12:35:02,RealtekU_12:35:02,5395456,Realtek (UpTech? also reported),1,1,0,0,0x00000806,,,,,,,,,,,,,,,,,,,,,,,,,,,,,,,,,,,,,,,,,,,,,,,,,,,,,,,,,,,,,,,,,,,,,,,,,,,,,,,,,,,,,,,,,,,,,,,,,,,,,,,,,,,,,,,,,,,,,,,,,,,,,,,,,,,,,,,,,,,,,,,,,,,,,1,0x00000800,6,4,2,52:54:00:12:35:02,10.0.2.2,52:54:00:12:34:56,10.0.2.15,,,,,,,,,,,,,,,,,
51,packets-2018-06-18,doc,,1,"Jun 18, 2018 16:31:51.925531000 India Standard Time",0.000000000,1529319711.925531000,1.003452000,1.003452000,231.386234000,52,74,74,0,0,eth:ethertype:ip:tcp,52:54:00:12:35:02,RealtekU_12:35:02,5395456,Realtek (UpTech? also reported),52:54:00:12:35:02,RealtekU_12:35:02,5395456,Realtek (UpTech? also reported),1,1,0,0,52:54:00:12:34:56,RealtekU_12:34:56,5395456,Realtek (UpTech? also reported),52:54:00:12:34:56,RealtekU_12:34:56,5395456,Realtek (UpTech? also reported),1,1,0,0,0x00000800,4,20,0x00000000,0,0,60,0x00004b99,0x00000040,0,1,0,0,64,6,0x0000b3d7,2,10.0.2.15,211.46.92.14,10.0.2.15,211.46.92.14,211.46.92.14,211.46.92.14,,,,,,,,,,,,,,,,,,,,,,,,,,,,,,,,,,,,,,,,,,,,,,,,,,,,,,,,,,,,,,,,48082,3080,3080,6,0,0,3546105525,1,0,0,40,0x00000002,0,0,0,0,0,0,0,0,1,,Connection establish request (SYN): server port 3080,2097152,33554432,0,··········S·,14000,14000,0x0000e478,2,0,02:04:05:78:04:02:08:0a:00:00:0f:e0:00:00:00:00:01:03:03:01,02:04:05:78,2,4,1400,04:02,4,2,08:0a:00:00:0f:e0:00:00:00:00,8,10,4064,0,01,1,03:03:01,3,3,1,2,7.004423000,4.013249000,,This frame is a (suspected) retransmission,4194304,33554432,7.004423000,47,,,,,,,,,,,,,,,,,,,,,,,,,,,,,
